{"format_version":"1.10.0","minecraft:client_entity":{"description":{"identifier":"cy_iaf:dragon_egg","materials":{"default":"entity_alphatest"},"textures":{"red":"textures/entity/cy_iaf/dragon_egg/dragon_egg_red","green":"textures/entity/cy_iaf/dragon_egg/dragon_egg_green","bronze":"textures/entity/cy_iaf/dragon_egg/dragon_egg_bronze","gray":"textures/entity/cy_iaf/dragon_egg/dragon_egg_gray","blue":"textures/entity/cy_iaf/dragon_egg/dragon_egg_blue","white":"textures/entity/cy_iaf/dragon_egg/dragon_egg_white","sapphire":"textures/entity/cy_iaf/dragon_egg/dragon_egg_sapphire","silver":"textures/entity/cy_iaf/dragon_egg/dragon_egg_silver","electric":"textures/entity/cy_iaf/dragon_egg/dragon_egg_electric","amythest":"textures/entity/cy_iaf/dragon_egg/dragon_egg_amythest","copper":"textures/entity/cy_iaf/dragon_egg/dragon_egg_copper","black":"textures/entity/cy_iaf/dragon_egg/dragon_egg_black"},"geometry":{"default":"geometry.cy_iaf.dragon_egg"},"animations":{"idle":"animation.dragon_egg.idle","incubation":"animation.dragon_egg.incubation"},"scripts":{"animate":[{"idle":"!query.is_powered"},{"incubation":"query.is_powered"}]},"render_controllers":["controller.render.cy_iaf.dragon_egg"]}}}