{"format_version":"1.12.0","minecraft:geometry":[{"description":{"identifier":"geometry.armor_silver_metal_helmet","texture_width":64,"texture_height":64,"visible_bounds_width":3,"visible_bounds_height":3.5,"visible_bounds_offset":[0,1.25,0]},"bones":[{"name":"root","pivot":[0,0,0]},{"name":"head","parent":"root","pivot":[0,24,0],"cubes":[{"origin":[-4,24,-4],"size":[8,8,8],"inflate":0.5,"uv":[0,0]},{"origin":[0,29.675,2.275],"size":[0,9,7],"pivot":[0,33.675,5.275],"rotation":[75,0,0],"uv":[20,34]},{"origin":[-4.5,27,-8],"size":[9,5,7],"inflate":0.5,"pivot":[0,26.5,-2.5],"rotation":[-35,0,0],"uv":[31,51]},{"origin":[-5.925,28.275,1.225],"size":[0,5,8],"pivot":[-5.925,30.775,5.225],"rotation":[22.5,-25,-2.5],"uv":[0,35],"mirror":true},{"origin":[5.925,28.275,1.225],"size":[0,5,8],"pivot":[5.925,30.775,5.225],"rotation":[22.5,25,2.5],"uv":[0,35]}]}]}]}