{"format_version":"1.13.0","netease:block_geometry":{"description":{"identifier":"cy_iaf:gold_pile_4","textures":["cy_iaf:gold_pile"],"use_ao":true},"bones":[{"name":"root","pivot":[0,0,0]},{"name":"0","parent":"root","pivot":[0,0,0],"cubes":[{"origin":[-16,0,0],"size":[16,2,16],"uv":{"north":{"uv":[0,14],"uv_size":[16,2]},"east":{"uv":[0,14],"uv_size":[16,2]},"south":{"uv":[0,14],"uv_size":[16,2]},"west":{"uv":[0,14],"uv_size":[16,2]},"up":{"uv":[16,16],"uv_size":[-16,-16]},"down":{"uv":[16,16],"uv_size":[-16,-16]}}}]},{"name":"1","parent":"root","pivot":[0,2,0],"cubes":[{"origin":[-16,2,0],"size":[16,2,16],"uv":{"north":{"uv":[0,12],"uv_size":[16,2]},"east":{"uv":[0,12],"uv_size":[16,2]},"south":{"uv":[0,12],"uv_size":[16,2]},"west":{"uv":[0,12],"uv_size":[16,2]},"up":{"uv":[16,16],"uv_size":[-16,-16]},"down":{"uv":[16,16],"uv_size":[-16,-16]}}}]},{"name":"2","parent":"root","pivot":[0,4,0],"cubes":[{"origin":[-16,4,0],"size":[16,2,16],"uv":{"north":{"uv":[0,10],"uv_size":[16,2]},"east":{"uv":[0,10],"uv_size":[16,2]},"south":{"uv":[0,10],"uv_size":[16,2]},"west":{"uv":[0,10],"uv_size":[16,2]},"up":{"uv":[16,16],"uv_size":[-16,-16]},"down":{"uv":[16,16],"uv_size":[-16,-16]}}}]},{"name":"3","parent":"root","pivot":[0,6,0],"cubes":[{"origin":[-16,6,0],"size":[16,2,16],"uv":{"north":{"uv":[0,8],"uv_size":[16,2]},"east":{"uv":[0,8],"uv_size":[16,2]},"south":{"uv":[0,8],"uv_size":[16,2]},"west":{"uv":[0,8],"uv_size":[16,2]},"up":{"uv":[16,16],"uv_size":[-16,-16]},"down":{"uv":[16,16],"uv_size":[-16,-16]}}}]},{"name":"4","parent":"root","pivot":[0,8,0],"cubes":[{"origin":[-16,8,0],"size":[16,2,16],"uv":{"north":{"uv":[0,6],"uv_size":[16,2]},"east":{"uv":[0,6],"uv_size":[16,2]},"south":{"uv":[0,6],"uv_size":[16,2]},"west":{"uv":[0,6],"uv_size":[16,2]},"up":{"uv":[16,16],"uv_size":[-16,-16]},"down":{"uv":[16,16],"uv_size":[-16,-16]}}}]}]}}