{"format_version":"1.13.0","netease:block_geometry":{"description":{"identifier":"cy_iaf:lectern_iaf_model","textures":["cy_iaf:lectern_iaf"],"use_ao":true},"bones":[{"name":"root","pivot":[8,0,-8.25],"cubes":[{"origin":[-13,0,3],"size":[10,2,10],"pivot":[-8,0,8],"rotation":[-180,0,180],"uv":{"north":{"uv":[9.5,7.0],"uv_size":[5.0,1.0]},"east":{"uv":[9.5,7.0],"uv_size":[5.0,1.0]},"south":{"uv":[9.5,7.0],"uv_size":[5.0,1.0]},"west":{"uv":[9.5,7.0],"uv_size":[5.0,1.0]},"up":{"uv":[6.5,6.5],"uv_size":[-5.0,-5.0]},"down":{"uv":[6.5,6.5],"uv_size":[-5.0,-5.0]}}},{"origin":[-14,14.59043,-3.40841],"size":[12,2,12],"pivot":[-8,0,8],"rotation":[160,0,-180],"uv":{"north":{"uv":[9.0,7.0],"uv_size":[6.0,1.0]},"east":{"uv":[9.0,7.0],"uv_size":[6.0,1.0]},"south":{"uv":[9.0,7.0],"uv_size":[6.0,1.0]},"west":{"uv":[9.0,7.0],"uv_size":[6.0,1.0]},"up":{"uv":[7.0,7.0],"uv_size":[-6.0,-6.0]},"down":{"uv":[7.0,7.0],"uv_size":[-6.0,-6.0]}}},{"origin":[-12,2,4],"size":[8,15,8],"pivot":[-8,0,8],"rotation":[-180,0,180],"uv":{"north":{"uv":[10.0,0.0],"uv_size":[4.0,7.5]},"east":{"uv":[10.0,0.0],"uv_size":[4.0,7.5]},"south":{"uv":[10.0,0.0],"uv_size":[4.0,7.5]},"west":{"uv":[10.0,0.0],"uv_size":[4.0,7.5]}}},{"origin":[-12.76543,17.0744,-2.40841],"size":[5.5,0,10],"pivot":[-8,0.25,8],"rotation":[160.01753,0.85481,-177.65059],"uv":{"up":{"uv":[16.0,16.0],"uv_size":[-3.0,-5.0]}}},{"origin":[-8.73457,17.0744,-2.40841],"size":[5.5,0,10],"pivot":[-8,0.25,8],"rotation":[160.01753,-0.85481,177.65059],"uv":{"up":{"uv":[10.0,16.0],"uv_size":[3.0,-5.0]}}},{"origin":[-11.72181,17.07345,-1.40841],"size":[4.5,1,8],"pivot":[-8,0.25,8],"rotation":[160.01753,0.85481,-177.65059],"uv":{"north":{"uv":[2.5,8.0],"uv_size":[2.5,0.5]},"east":{"uv":[0.0,13.5],"uv_size":[4.0,0.5]},"south":{"uv":[2.5,12.5],"uv_size":[2.5,0.5]},"up":{"uv":[5.0,12.5],"uv_size":[-2.5,-4.0]}}},{"origin":[-8.77819,17.07345,-1.40841],"size":[4.5,1,8],"pivot":[-8,0.25,8],"rotation":[160.01753,-0.85481,177.65059],"uv":{"north":{"uv":[2.5,8.0],"uv_size":[-2.5,0.5]},"south":{"uv":[2.5,12.5],"uv_size":[-2.5,0.5]},"west":{"uv":[4.0,13.0],"uv_size":[-4.0,0.5]},"up":{"uv":[0.0,12.5],"uv_size":[2.5,-4.0]}}}]}]}}