{"format_version":"1.13.0","netease:block_geometry":{"description":{"identifier":"cy_iaf:frozen_grass_path_model","textures":["cy_iaf:frozen_grass_path"],"use_ao":true},"bones":[{"name":"root","pivot":[0,0,0],"cubes":[{"origin":[-16,0,0],"size":[16,15,16],"uv":{"north":{"uv":[8.0,8.5],"uv_size":[8.0,7.5]},"east":{"uv":[8.0,8.5],"uv_size":[8.0,7.5]},"south":{"uv":[8.0,8.5],"uv_size":[8.0,7.5]},"west":{"uv":[8.0,8.5],"uv_size":[8.0,7.5]},"up":{"uv":[8.0,8.0],"uv_size":[-8.0,-8.0]},"down":{"uv":[8.0,16.0],"uv_size":[-8.0,-8.0]}}}]}]}}