{
	"format_version": "1.13.0",
	"netease:block_geometry": 
		{
			"description": {
				"identifier": "cy_iaf:lightning_lily",
				"textures": ["cy_iaf:lightning_lily"],	//模型的贴图
				"item_texture": "cy_iaf:lightning_lily"	//物品形式不用模型渲染，而使用面片渲染的贴图
			},
			"bones": [
				{
					"name": "root",
					"pivot": [0, 0, 0],
					"cubes": [
						{
							"origin": [-16, 0, 8],
							"size": [16, 16, 4],
							"pivot": [-8, 0, 8],
							"rotation": [0, -45, 0],
							"uv": {
								"north": {"uv": [0, 0], "uv_size": [16, 16]}
							}
						},
						{
							"origin": [-16, 0, 8],
							"size": [16, 16, 4],
							"pivot": [-8, 0, 8],
							"rotation": [0, 45, 0],
							"uv": {
								"north": {"uv": [0, 0], "uv_size": [16, 16]}
							}
						}
					]
				}
			]
		}
}