{"format_version":"1.13.0","netease:block_geometry":{"description":{"identifier":"cy_iaf:dragon_ice_spikes","textures":["cy_iaf:dragon_ice_spikes"],"item_texture":"cy_iaf:dragon_ice_spikes","use_ao":false},"bones":[{"name":"root","pivot":[0,0,0],"cubes":[{"origin":[-16,0,4],"size":[16,16,0],"uv":{"north":{"uv":[0,0],"uv_size":[16,16]},"east":{"uv":[0,0],"uv_size":[0,16]},"south":{"uv":[16,0],"uv_size":[-16,16]},"west":{"uv":[0,0],"uv_size":[0,16]},"up":{"uv":[16,0],"uv_size":[-16,0]},"down":{"uv":[16,0],"uv_size":[-16,0]}}},{"origin":[-16,0,4],"size":[16,16,0],"pivot":[-8,0,8],"rotation":[-180,0,180],"uv":{"north":{"uv":[0,0],"uv_size":[16,16]},"east":{"uv":[0,0],"uv_size":[0,16]},"south":{"uv":[16,0],"uv_size":[-16,16]},"west":{"uv":[0,0],"uv_size":[0,16]},"up":{"uv":[16,0],"uv_size":[-16,0]},"down":{"uv":[16,0],"uv_size":[-16,0]}}},{"origin":[-16,0,4],"size":[16,16,0],"pivot":[-8,0,8],"rotation":[0,-90,0],"uv":{"north":{"uv":[0,0],"uv_size":[16,16]},"east":{"uv":[0,0],"uv_size":[0,16]},"south":{"uv":[16,0],"uv_size":[-16,16]},"west":{"uv":[0,0],"uv_size":[0,16]},"up":{"uv":[16,0],"uv_size":[-16,0]},"down":{"uv":[16,0],"uv_size":[-16,0]}}},{"origin":[-16,0,4],"size":[16,16,0],"pivot":[-8,0,8],"rotation":[0,90,0],"uv":{"north":{"uv":[0,0],"uv_size":[16,16]},"east":{"uv":[0,0],"uv_size":[0,16]},"south":{"uv":[16,0],"uv_size":[-16,16]},"west":{"uv":[0,0],"uv_size":[0,16]},"up":{"uv":[16,0],"uv_size":[-16,0]},"down":{"uv":[16,0],"uv_size":[-16,0]}}}]}]}}