{"format_version":"1.12.0","minecraft:geometry":[{"description":{"identifier":"geometry.armor_dragonsteel_helmet_ice","texture_width":64,"texture_height":64,"visible_bounds_width":3,"visible_bounds_height":3.5,"visible_bounds_offset":[0,1.25,0]},"bones":[{"name":"root","pivot":[0,0,0]},{"name":"waist","parent":"root","pivot":[0,24,0]},{"name":"head","parent":"waist","pivot":[0,24,0],"cubes":[{"origin":[-4,24,-4],"size":[8,8,8],"inflate":0.25,"uv":[0,0]},{"origin":[-4,24,-4],"size":[8,8,8],"inflate":0.5,"uv":[32,0]},{"origin":[-4.75,23.25,-4.75],"size":[4,5,4],"uv":[31,54]},{"origin":[0.75,23.25,-4.75],"size":[4,5,4],"uv":[31,54],"mirror":true}]},{"name":"horn_ice","parent":"head","pivot":[0,24,0]},{"name":"horn_il","parent":"horn_ice","pivot":[0,0,0],"cubes":[{"origin":[4.025,32.475,-1.675],"size":[2,2,8],"pivot":[5.025,33.475,2.325],"rotation":[12.5,10,-5],"uv":[5,35]},{"origin":[0.725,31.875,-3.375],"size":[2,2,6],"pivot":[1.725,32.875,-0.375],"rotation":[25,7.5,0],"uv":[7,37]},{"origin":[3,31.1,-3.95],"size":[2,2,3],"pivot":[4,32.1,-2.45],"rotation":[22.5,22.5,0],"uv":[10,40]},{"origin":[1.05,34.05,1.9],"size":[2,2,3],"pivot":[2.05,35.05,3.4],"rotation":[40,0,0],"uv":[25,45]},{"origin":[4.41985,26.80958,2.76446],"size":[2,2,3],"pivot":[5.36415,27.9625,2.94682],"rotation":[5,32.5,0],"uv":[25,45]},{"origin":[4.41985,29.73458,2.76446],"size":[2,2,3],"pivot":[5.36415,30.8875,2.94682],"rotation":[23.29388,16.66577,5.41615],"uv":[25,45]},{"origin":[4.425,33.85,5.45],"size":[2,2,4],"pivot":[5.425,34.85,7.45],"rotation":[20,0,-10],"uv":[24,44]},{"origin":[4.482,26.82714,0.13137],"size":[2,2,3],"pivot":[5.36415,27.9625,2.94682],"rotation":[-7.5,40,0],"uv":[10,40]},{"origin":[4.482,29.75214,-1.86863],"size":[2,2,5],"pivot":[5.36415,30.8875,2.94682],"rotation":[11.68246,23.7695,7.98205],"uv":[8,38]}]},{"name":"horn_ir","parent":"horn_ice","pivot":[0,0,0],"cubes":[{"origin":[-6.025,32.475,-1.675],"size":[2,2,8],"pivot":[-5.025,33.475,2.325],"rotation":[12.5,-10,5],"uv":[5,35],"mirror":true},{"origin":[-2.725,31.875,-3.375],"size":[2,2,6],"pivot":[-1.725,32.875,-0.375],"rotation":[25,-7.5,0],"uv":[7,37],"mirror":true},{"origin":[-5,31.1,-3.95],"size":[2,2,3],"pivot":[-4,32.1,-2.45],"rotation":[22.5,-22.5,0],"uv":[10,40],"mirror":true},{"origin":[-3.05,34.05,1.9],"size":[2,2,3],"pivot":[-2.05,35.05,3.4],"rotation":[40,0,0],"uv":[25,45],"mirror":true},{"origin":[-6.41985,26.80958,2.76446],"size":[2,2,3],"pivot":[-5.36415,27.9625,2.94682],"rotation":[5,-32.5,0],"uv":[25,45],"mirror":true},{"origin":[-6.41985,29.73458,2.76446],"size":[2,2,3],"pivot":[-5.36415,30.8875,2.94682],"rotation":[23.29388,-16.66577,-5.41615],"uv":[25,45],"mirror":true},{"origin":[-6.425,33.85,5.45],"size":[2,2,4],"pivot":[-5.425,34.85,7.45],"rotation":[20,0,10],"uv":[24,44],"mirror":true},{"origin":[-6.482,26.82714,0.13137],"size":[2,2,3],"pivot":[-5.36415,27.9625,2.94682],"rotation":[-7.5,-40,0],"uv":[10,40],"mirror":true},{"origin":[-6.482,29.75214,-1.86863],"size":[2,2,5],"pivot":[-5.36415,30.8875,2.94682],"rotation":[11.68246,-23.7695,-7.98205],"uv":[8,38],"mirror":true}]}]}]}