{"format_version":"1.12.0","minecraft:geometry":[{"description":{"identifier":"geometry.armor_dragonsteel_helmet_fire","texture_width":64,"texture_height":64,"visible_bounds_width":3,"visible_bounds_height":3.5,"visible_bounds_offset":[0,1.25,0]},"bones":[{"name":"root","pivot":[0,0,0]},{"name":"waist","parent":"root","pivot":[0,24,0]},{"name":"head","parent":"waist","pivot":[0,24,0],"cubes":[{"origin":[-4,24,-4],"size":[8,8,8],"inflate":0.25,"uv":[0,0]},{"origin":[-4,24,-4],"size":[8,8,8],"inflate":0.5,"uv":[32,0]},{"origin":[-4.75,23.25,-4.75],"size":[4,5,4],"uv":[31,54]},{"origin":[0.75,23.25,-4.75],"size":[4,5,4],"uv":[31,54],"mirror":true}]},{"name":"horn_fire","parent":"head","pivot":[0,24,0]},{"name":"horn_fl","parent":"horn_fire","pivot":[0,0,0],"cubes":[{"origin":[2.75,33.275,-1.05],"size":[2,2,8],"pivot":[3.75,34.275,2.95],"rotation":[12.5,2.5,0],"uv":[5,35]},{"origin":[2.275,31.35,-3.95],"size":[2,2,4],"pivot":[3.275,32.35,-2.45],"rotation":[32.65108,9.84655,1.75378],"uv":[9,39]},{"origin":[0.34485,32.13458,2.26446],"size":[2,2,3],"pivot":[1.28915,33.2875,2.44682],"rotation":[10.019,-4.98093,-0.43688],"uv":[25,45]},{"origin":[4.41985,29.15958,2.76446],"size":[2,2,3],"pivot":[5.36415,30.3125,2.94682],"rotation":[18.07498,16.63677,-1.08026],"uv":[25,45]},{"origin":[2.9,34.8,5.8],"size":[2,2,4],"pivot":[3.9,35.8,7.8],"rotation":[27.5,0,0],"uv":[24,44]},{"origin":[0.407,32.15214,-0.36863],"size":[2,2,3],"pivot":[1.28915,33.2875,2.44682],"rotation":[35.02718,1.84293,1.68956],"uv":[10,40]},{"origin":[4.482,29.17714,-1.86863],"size":[2,2,5],"pivot":[5.36415,30.3125,2.94682],"rotation":[6.21817,23.93337,0.77107],"uv":[8,38]}]},{"name":"horn_fr","parent":"horn_fire","pivot":[0,0,0],"cubes":[{"origin":[-4.75,33.275,-1.05],"size":[2,2,8],"pivot":[-3.75,34.275,2.95],"rotation":[12.5,-2.5,0],"uv":[5,35],"mirror":true},{"origin":[-4.275,31.35,-3.95],"size":[2,2,4],"pivot":[-3.275,32.35,-2.45],"rotation":[32.65108,-9.84655,-1.75378],"uv":[9,39],"mirror":true},{"origin":[-2.34485,32.13458,2.26446],"size":[2,2,3],"pivot":[-1.28915,33.2875,2.44682],"rotation":[10.019,4.98093,0.43688],"uv":[25,45],"mirror":true},{"origin":[-6.41985,29.15958,2.76446],"size":[2,2,3],"pivot":[-5.36415,30.3125,2.94682],"rotation":[18.07498,-16.63677,1.08026],"uv":[25,45],"mirror":true},{"origin":[-4.9,34.8,5.8],"size":[2,2,4],"pivot":[-3.9,35.8,7.8],"rotation":[27.5,0,0],"uv":[24,44],"mirror":true},{"origin":[-2.407,32.15214,-0.36863],"size":[2,2,3],"pivot":[-1.28915,33.2875,2.44682],"rotation":[35.02718,-1.84293,-1.68956],"uv":[10,40],"mirror":true},{"origin":[-6.482,29.17714,-1.86863],"size":[2,2,5],"pivot":[-5.36415,30.3125,2.94682],"rotation":[6.21817,-23.93337,-0.77107],"uv":[8,38],"mirror":true}]}]}]}