{"geometry.armor_dragonsteel_leggings":{"texture_width":64,"texture_height":64,"visible_bounds_width":3,"visible_bounds_height":3.5,"visible_bounds_offset":[0,1.25,0],"bones":[{"name":"root","pivot":[0,0,0]},{"name":"rightLeg","parent":"root","pivot":[-2,12,0],"cubes":[{"origin":[-4,3,-2],"size":[4,9,4],"inflate":0.5,"uv":[0,16],"mirror":true},{"origin":[-4.25,6.25,-2.25],"size":[4,6,5],"inflate":0.5,"uv":[4,51],"mirror":true}]},{"name":"leftLeg","parent":"root","pivot":[2,12,0],"cubes":[{"origin":[0,3,-2],"size":[4,9,4],"inflate":0.5,"uv":[0,16]},{"origin":[0.25,6.25,-2.25],"size":[4,6,5],"inflate":0.5,"uv":[4,51]}]},{"name":"body","parent":"root","pivot":[0,24,0],"cubes":[{"origin":[-4,12,-2],"size":[8,12,4],"inflate":0.25,"uv":[16,16]}]}]}}