{"geometry.armor_dragonsteel_chestplate":{"texture_width":64,"texture_height":64,"visible_bounds_width":3,"visible_bounds_height":3.5,"visible_bounds_offset":[0,1.25,0],"bones":[{"name":"root","pivot":[0,0,0]},{"name":"body","parent":"root","pivot":[0,24,0],"cubes":[{"origin":[-4,12,-2],"size":[8,12,4],"inflate":0.5,"uv":[16,16]}]},{"name":"rightArm","parent":"root","pivot":[-5,22,0],"cubes":[{"origin":[-8,12,-2],"size":[4,12,4],"inflate":0.25,"uv":[40,16]},{"origin":[-8.5,20,-2.5],"size":[5,4,5],"inflate":0.5,"uv":[36,33]}]},{"name":"leftArm","parent":"root","pivot":[5,22,0],"cubes":[{"origin":[4,12,-2],"size":[4,12,4],"inflate":0.25,"uv":[40,16],"mirror":true},{"origin":[3.5,20,-2.5],"size":[5,4,5],"inflate":0.5,"uv":[36,33],"mirror":true}]}]}}