{"format_version":"1.12.0","minecraft:geometry":[{"description":{"identifier":"geometry.armor_dragonsteel_helmet_lightning","texture_width":64,"texture_height":64,"visible_bounds_width":3,"visible_bounds_height":3.5,"visible_bounds_offset":[0,1.25,0]},"bones":[{"name":"root","pivot":[0,0,0]},{"name":"waist","parent":"root","pivot":[0,24,0]},{"name":"head","parent":"waist","pivot":[0,24,0],"cubes":[{"origin":[-4,24,-4],"size":[8,8,8],"inflate":0.25,"uv":[0,0]},{"origin":[-4,24,-4],"size":[8,8,8],"inflate":0.5,"uv":[32,0]},{"origin":[-4.75,23.25,-4.75],"size":[4,5,4],"uv":[31,54]},{"origin":[0.75,23.25,-4.75],"size":[4,5,4],"uv":[31,54],"mirror":true}]},{"name":"horn_lighting","parent":"head","pivot":[0,24,0]},{"name":"horn_ll","parent":"horn_lighting","pivot":[0,0,0],"cubes":[{"origin":[3.14796,33.28844,-1.03807],"size":[2,2,7],"pivot":[4.0684,34.25581,2.90493],"rotation":[19.53244,8.66608,11.12999],"uv":[6,36]},{"origin":[3.75344,34.06534,-4.10644],"size":[2,2,4],"pivot":[4.1684,33.78081,2.90493],"rotation":[32.97479,19.84167,11.83703],"uv":[9,39]},{"origin":[3.66985,28.00958,-0.28554],"size":[2,2,3],"pivot":[4.61415,29.1625,-0.10318],"rotation":[-2.6831,15.23977,-6.83921],"uv":[25,45]},{"origin":[4.06985,30.00958,1.71446],"size":[2,2,3],"pivot":[5.01415,31.1625,1.89682],"rotation":[7.6594,16.18961,-4.03081],"uv":[25,45]},{"origin":[3.75261,34.08895,5.23542],"size":[2,2,4],"pivot":[4.75261,35.08895,7.23542],"rotation":[-1.29081,1.00591,4.10112],"uv":[24,44]},{"origin":[3.732,28.02714,-2.91863],"size":[2,2,3],"pivot":[4.61415,29.1625,-0.10318],"rotation":[-15.53583,22.66955,-7.92283],"uv":[10,40]},{"origin":[4.132,30.02714,-1.91863],"size":[2,2,4],"pivot":[5.01415,31.1625,1.89682],"rotation":[-4.71113,23.68117,-3.6519],"uv":[9,39]}]},{"name":"horn_lr","parent":"horn_lighting","pivot":[0,0,0],"cubes":[{"origin":[-5.14796,33.28844,-1.03807],"size":[2,2,7],"pivot":[-4.0684,34.25581,2.90493],"rotation":[19.53244,-8.66608,-11.12999],"uv":[6,36],"mirror":true},{"origin":[-5.75344,34.06534,-4.10644],"size":[2,2,4],"pivot":[-4.1684,33.78081,2.90493],"rotation":[32.97479,-19.84167,-11.83703],"uv":[9,39],"mirror":true},{"origin":[-5.66985,28.00958,-0.28554],"size":[2,2,3],"pivot":[-4.61415,29.1625,-0.10318],"rotation":[-2.6831,-15.23977,6.83921],"uv":[25,45],"mirror":true},{"origin":[-6.06985,30.00958,1.71446],"size":[2,2,3],"pivot":[-5.01415,31.1625,1.89682],"rotation":[7.6594,-16.18961,4.03081],"uv":[25,45],"mirror":true},{"origin":[-5.75261,34.08895,5.23542],"size":[2,2,4],"pivot":[-4.75261,35.08895,7.23542],"rotation":[-1.29081,-1.00591,-4.10112],"uv":[24,44],"mirror":true},{"origin":[-5.732,28.02714,-2.91863],"size":[2,2,3],"pivot":[-4.61415,29.1625,-0.10318],"rotation":[-15.53583,-22.66955,7.92283],"uv":[10,40],"mirror":true},{"origin":[-6.132,30.02714,-1.91863],"size":[2,2,4],"pivot":[-5.01415,31.1625,1.89682],"rotation":[-4.71113,-23.68117,3.6519],"uv":[9,39],"mirror":true}]}]}]}