{"format_version":"1.8.0","minecraft:attachable":{"description":{"identifier":"cy_iaf:dragonsteel_lightning_helmet","materials":{"default":"armor","enchanted":"armor_enchanted"},"textures":{"default":"textures/models/cy_iaf/armor/armor_dragonsteel/armor_dragonsteel_lightning","enchanted":"textures/misc/enchanted_item_glint"},"geometry":{"default":"geometry.armor_dragonsteel_helmet_lightning"},"scripts":{"parent_setup":"variable.helmet_layer_visible = 0.0;"},"render_controllers":["controller.render.armor"]}}}