{"format_version":"1.12.0","minecraft:geometry":[{"description":{"identifier":"geometry.cy_iaf.lightning_dragon_charge","texture_width":64,"texture_height":32,"visible_bounds_width":3,"visible_bounds_height":4,"visible_bounds_offset":[0,1,0]},"bones":[{"name":"core","pivot":[0,8,0],"cubes":[{"origin":[-4,4,-4],"size":[8,8,8],"uv":[0,0]}]},{"name":"middle","parent":"core","pivot":[0,8,0],"cubes":[{"origin":[-5,5,-4],"size":[8,8,8],"inflate":2,"uv":[0,0]}]},{"name":"surface","parent":"middle","pivot":[0,8,0],"cubes":[{"origin":[-5,5,-4],"size":[8,8,8],"inflate":5.5,"uv":[0,0]}]}]}]}