{"format_version":"1.10.0","minecraft:client_entity":{"description":{"identifier":"cy_iaf:mob_skull","materials":{"default":"entity_alphatest"},"textures":{"dragon_fire":"textures/entity/cy_iaf/dragon/fire_dragon/skeleton/skeleton_0","dragon_ice":"textures/entity/cy_iaf/dragon/ice_dragon/skeleton/skeleton_0","dragon_lightning":"textures/entity/cy_iaf/dragon/lightning_dragon/skeleton/skeleton_0"},"geometry":{"fire":"geometry.fire_dragon_head","ice":"geometry.ice_dragon_head","lightning":"geometry.lightning_dragon_head"},"animations":{"skull":"controller.animation.skull.default","no_on_ground":"animation.is_on_ground.skull.idle","scale":"animation.is_on_ground.skull.scale"},"scripts":{"animate":["skull","scale"]},"render_controllers":["controller.render.cy_iaf.mob_skull"]}}}