[{"flipbook_texture":"textures/blocks/cy_iaf/flipbook/dragonforge_fire_brick_grill","atlas_tile":"cy_iaf:dragonforge_fire_brick_grill_side","ticks_per_frame":10,"blend_frames":true},{"flipbook_texture":"textures/blocks/cy_iaf/flipbook/dragonforge_ice_brick_grill","atlas_tile":"cy_iaf:dragonforge_ice_brick_grill_side","ticks_per_frame":10,"blend_frames":true},{"flipbook_texture":"textures/blocks/cy_iaf/flipbook/dragonforge_lightning_brick_grill","atlas_tile":"cy_iaf:dragonforge_lightning_brick_grill_side","ticks_per_frame":10,"blend_frames":true},{"flipbook_texture":"textures/blocks/cy_iaf/flipbook/dragonforge_fire_core","atlas_tile":"cy_iaf:dragonforge_fire_core","ticks_per_frame":10,"blend_frames":true},{"flipbook_texture":"textures/blocks/cy_iaf/flipbook/dragonforge_ice_core","atlas_tile":"cy_iaf:dragonforge_ice_core","ticks_per_frame":10,"blend_frames":true},{"flipbook_texture":"textures/blocks/cy_iaf/flipbook/dragonforge_lightning_core","atlas_tile":"cy_iaf:dragonforge_lightning_core","ticks_per_frame":10,"blend_frames":true}]