{"resource_pack_name":"vanilla","texture_name":"atlas.items","texture_data":{"cy_iaf:dragon_sword_fire":{"textures":"textures/items/cy_iaf/tool/flipbook/dragon_sword_fire"},"cy_iaf:dragon_sword_ice":{"textures":"textures/items/cy_iaf/tool/flipbook/dragon_sword_ice"},"cy_iaf:dragon_sword_lightning":{"textures":"textures/items/cy_iaf/tool/flipbook/dragon_sword_lightning"},"cy_iaf:amythest_gem":{"textures":"textures/items/cy_iaf/64/amythest_gem"},"cy_iaf:copper_ingot":{"textures":"textures/items/cy_iaf/64/copper_ingot"},"cy_iaf:copper_nugget":{"textures":"textures/items/cy_iaf/64/copper_nugget"},"cy_iaf:creative_dragon_meal":{"textures":"textures/items/cy_iaf/64/creative_dragon_meal"},"cy_iaf:dragonbone":{"textures":"textures/items/cy_iaf/64/dragonbone"},"cy_iaf:dragonbone_arrow":{"textures":"textures/items/cy_iaf/64/dragonbone_arrow"},"cy_iaf:dragon_meal":{"textures":"textures/items/cy_iaf/64/dragon_meal"},"cy_iaf:fire_dragon_blood":{"textures":"textures/items/cy_iaf/64/fire_dragon_blood"},"cy_iaf:fire_dragon_heart":{"textures":"textures/items/cy_iaf/64/fire_dragon_heart"},"cy_iaf:fire_dragon_meat":{"textures":"textures/items/cy_iaf/food/fire_dragon_meat"},"cy_iaf:fire_stew":{"textures":"textures/items/cy_iaf/64/fire_stew"},"cy_iaf:frost_stew":{"textures":"textures/items/cy_iaf/64/frost_stew"},"cy_iaf:ice_dragon_blood":{"textures":"textures/items/cy_iaf/64/ice_dragon_blood"},"cy_iaf:ice_dragon_heart":{"textures":"textures/items/cy_iaf/64/ice_dragon_heart"},"cy_iaf:ice_dragon_meat":{"textures":"textures/items/cy_iaf/food/ice_dragon_meat"},"cy_iaf:lightning_dragon_blood":{"textures":"textures/items/cy_iaf/64/lightning_dragon_blood"},"cy_iaf:lightning_dragon_heart":{"textures":"textures/items/cy_iaf/64/lightning_dragon_heart"},"cy_iaf:lightning_dragon_meat":{"textures":"textures/items/cy_iaf/food/lightning_dragon_meat"},"cy_iaf:lightning_stew":{"textures":"textures/items/cy_iaf/64/lightning_stew"},"cy_iaf:manuscript":{"textures":"textures/items/cy_iaf/64/manuscript"},"cy_iaf:sapphire":{"textures":"textures/items/cy_iaf/64/sapphire"},"cy_iaf:scales_amythest":{"textures":"textures/items/cy_iaf/64/scales_amythest"},"cy_iaf:scales_black":{"textures":"textures/items/cy_iaf/64/scales_black"},"cy_iaf:scales_blue":{"textures":"textures/items/cy_iaf/64/scales_blue"},"cy_iaf:scales_bronze":{"textures":"textures/items/cy_iaf/64/scales_bronze"},"cy_iaf:scales_copper":{"textures":"textures/items/cy_iaf/64/scales_copper"},"cy_iaf:scales_electric":{"textures":"textures/items/cy_iaf/64/scales_electric"},"cy_iaf:scales_gray":{"textures":"textures/items/cy_iaf/64/scales_gray"},"cy_iaf:scales_green":{"textures":"textures/items/cy_iaf/64/scales_green"},"cy_iaf:scales_red":{"textures":"textures/items/cy_iaf/64/scales_red"},"cy_iaf:scales_sapphire":{"textures":"textures/items/cy_iaf/64/scales_sapphire"},"cy_iaf:scales_silver":{"textures":"textures/items/cy_iaf/64/scales_silver"},"cy_iaf:scales_white":{"textures":"textures/items/cy_iaf/64/scales_white"},"cy_iaf:sickly_dragon_meal":{"textures":"textures/items/cy_iaf/64/sickly_dragon_meal"},"cy_iaf:silver_ingot":{"textures":"textures/items/cy_iaf/64/silver_ingot"},"cy_iaf:silver_nugget":{"textures":"textures/items/cy_iaf/64/silver_nugget"},"cy_iaf:witherbone":{"textures":"textures/items/cy_iaf/64/witherbone"},"cy_iaf:wither_shard":{"textures":"textures/items/cy_iaf/64/wither_shard"},"cy_iaf:bestiary":{"textures":"textures/items/cy_iaf/1/bestiary"},"cy_iaf:dragonarmor_copper_body":{"textures":"textures/items/cy_iaf/1/dragonarmor_copper_body"},"cy_iaf:dragonarmor_copper_head":{"textures":"textures/items/cy_iaf/1/dragonarmor_copper_head"},"cy_iaf:dragonarmor_copper_neck":{"textures":"textures/items/cy_iaf/1/dragonarmor_copper_neck"},"cy_iaf:dragonarmor_copper_tail":{"textures":"textures/items/cy_iaf/1/dragonarmor_copper_tail"},"cy_iaf:dragonarmor_diamond_body":{"textures":"textures/items/cy_iaf/1/dragonarmor_diamond_body"},"cy_iaf:dragonarmor_diamond_head":{"textures":"textures/items/cy_iaf/1/dragonarmor_diamond_head"},"cy_iaf:dragonarmor_diamond_neck":{"textures":"textures/items/cy_iaf/1/dragonarmor_diamond_neck"},"cy_iaf:dragonarmor_diamond_tail":{"textures":"textures/items/cy_iaf/1/dragonarmor_diamond_tail"},"cy_iaf:dragonarmor_dragonsteel_fire_body":{"textures":"textures/items/cy_iaf/1/dragonarmor_dragonsteel_fire_body"},"cy_iaf:dragonarmor_dragonsteel_fire_head":{"textures":"textures/items/cy_iaf/1/dragonarmor_dragonsteel_fire_head"},"cy_iaf:dragonarmor_dragonsteel_fire_neck":{"textures":"textures/items/cy_iaf/1/dragonarmor_dragonsteel_fire_neck"},"cy_iaf:dragonarmor_dragonsteel_fire_tail":{"textures":"textures/items/cy_iaf/1/dragonarmor_dragonsteel_fire_tail"},"cy_iaf:dragonarmor_dragonsteel_ice_body":{"textures":"textures/items/cy_iaf/1/dragonarmor_dragonsteel_ice_body"},"cy_iaf:dragonarmor_dragonsteel_ice_head":{"textures":"textures/items/cy_iaf/1/dragonarmor_dragonsteel_ice_head"},"cy_iaf:dragonarmor_dragonsteel_ice_neck":{"textures":"textures/items/cy_iaf/1/dragonarmor_dragonsteel_ice_neck"},"cy_iaf:dragonarmor_dragonsteel_ice_tail":{"textures":"textures/items/cy_iaf/1/dragonarmor_dragonsteel_ice_tail"},"cy_iaf:dragonarmor_dragonsteel_lightning_body":{"textures":"textures/items/cy_iaf/1/dragonarmor_dragonsteel_lightning_body"},"cy_iaf:dragonarmor_dragonsteel_lightning_head":{"textures":"textures/items/cy_iaf/1/dragonarmor_dragonsteel_lightning_head"},"cy_iaf:dragonarmor_dragonsteel_lightning_neck":{"textures":"textures/items/cy_iaf/1/dragonarmor_dragonsteel_lightning_neck"},"cy_iaf:dragonarmor_dragonsteel_lightning_tail":{"textures":"textures/items/cy_iaf/1/dragonarmor_dragonsteel_lightning_tail"},"cy_iaf:dragonarmor_gold_body":{"textures":"textures/items/cy_iaf/1/dragonarmor_gold_body"},"cy_iaf:dragonarmor_gold_head":{"textures":"textures/items/cy_iaf/1/dragonarmor_gold_head"},"cy_iaf:dragonarmor_gold_neck":{"textures":"textures/items/cy_iaf/1/dragonarmor_gold_neck"},"cy_iaf:dragonarmor_gold_tail":{"textures":"textures/items/cy_iaf/1/dragonarmor_gold_tail"},"cy_iaf:dragonarmor_iron_body":{"textures":"textures/items/cy_iaf/1/dragonarmor_iron_body"},"cy_iaf:dragonarmor_iron_head":{"textures":"textures/items/cy_iaf/1/dragonarmor_iron_head"},"cy_iaf:dragonarmor_iron_neck":{"textures":"textures/items/cy_iaf/1/dragonarmor_iron_neck"},"cy_iaf:dragonarmor_iron_tail":{"textures":"textures/items/cy_iaf/1/dragonarmor_iron_tail"},"cy_iaf:dragonarmor_silver_body":{"textures":"textures/items/cy_iaf/1/dragonarmor_silver_body"},"cy_iaf:dragonarmor_silver_head":{"textures":"textures/items/cy_iaf/1/dragonarmor_silver_head"},"cy_iaf:dragonarmor_silver_neck":{"textures":"textures/items/cy_iaf/1/dragonarmor_silver_neck"},"cy_iaf:dragonarmor_silver_tail":{"textures":"textures/items/cy_iaf/1/dragonarmor_silver_tail"},"cy_iaf:dragonegg_amythest":{"textures":"textures/items/cy_iaf/1/dragonegg_amythest"},"cy_iaf:dragonegg_black":{"textures":"textures/items/cy_iaf/1/dragonegg_black"},"cy_iaf:dragonegg_blue":{"textures":"textures/items/cy_iaf/1/dragonegg_blue"},"cy_iaf:dragonegg_bronze":{"textures":"textures/items/cy_iaf/1/dragonegg_bronze"},"cy_iaf:dragonegg_copper":{"textures":"textures/items/cy_iaf/1/dragonegg_copper"},"cy_iaf:dragonegg_electric":{"textures":"textures/items/cy_iaf/1/dragonegg_electric"},"cy_iaf:dragonegg_gray":{"textures":"textures/items/cy_iaf/1/dragonegg_gray"},"cy_iaf:dragonegg_green":{"textures":"textures/items/cy_iaf/1/dragonegg_green"},"cy_iaf:dragonegg_red":{"textures":"textures/items/cy_iaf/1/dragonegg_red"},"cy_iaf:dragonegg_sapphire":{"textures":"textures/items/cy_iaf/1/dragonegg_sapphire"},"cy_iaf:dragonegg_silver":{"textures":"textures/items/cy_iaf/1/dragonegg_silver"},"cy_iaf:dragonegg_white":{"textures":"textures/items/cy_iaf/1/dragonegg_white"},"cy_iaf:dragon_flute":{"textures":"textures/items/cy_iaf/1/dragon_flute"},"cy_iaf:dragon_horn":{"textures":"textures/items/cy_iaf/1/dragon_horn"},"cy_iaf:dragon_horn_fire":{"textures":"textures/items/cy_iaf/1/dragon_horn_fire"},"cy_iaf:dragon_horn_ice":{"textures":"textures/items/cy_iaf/1/dragon_horn_ice"},"cy_iaf:dragon_horn_lightning":{"textures":"textures/items/cy_iaf/1/dragon_horn_lightning"},"cy_iaf:dragon_skull_fire":{"textures":"textures/items/cy_iaf/1/dragon_skull_fire"},"cy_iaf:dragon_skull_ice":{"textures":"textures/items/cy_iaf/1/dragon_skull_ice"},"cy_iaf:dragon_skull_lightning":{"textures":"textures/items/cy_iaf/1/dragon_skull_lightning"},"cy_iaf:dragon_stick":{"textures":"textures/items/cy_iaf/1/dragon_stick"},"cy_iaf:dragon_stick_fire":{"textures":"textures/items/cy_iaf/1/dragon_stick_fire"},"cy_iaf:dragon_stick_ice":{"textures":"textures/items/cy_iaf/1/dragon_stick_ice"},"cy_iaf:dragon_stick_lightning":{"textures":"textures/items/cy_iaf/1/dragon_stick_lightning"},"cy_iaf:summon_crystal_fire":{"textures":"textures/items/cy_iaf/1/summon_crystal_fire"},"cy_iaf:summon_crystal_fire_active":{"textures":"textures/items/cy_iaf/1/summon_crystal_fire_active"},"cy_iaf:summon_crystal_ice":{"textures":"textures/items/cy_iaf/1/summon_crystal_ice"},"cy_iaf:summon_crystal_ice_active":{"textures":"textures/items/cy_iaf/1/summon_crystal_ice_active"},"cy_iaf:summon_crystal_lightning":{"textures":"textures/items/cy_iaf/1/summon_crystal_lightning"},"cy_iaf:summon_crystal_lightning_active":{"textures":"textures/items/cy_iaf/1/summon_crystal_lightning_active"},"cy_iaf:copper_axe":{"textures":"textures/items/cy_iaf/tool/copper_axe"},"cy_iaf:copper_hoe":{"textures":"textures/items/cy_iaf/tool/copper_hoe"},"cy_iaf:copper_pickaxe":{"textures":"textures/items/cy_iaf/tool/copper_pickaxe"},"cy_iaf:copper_shovel":{"textures":"textures/items/cy_iaf/tool/copper_shovel"},"cy_iaf:copper_sword":{"textures":"textures/items/cy_iaf/tool/copper_sword"},"cy_iaf:dragon_axe":{"textures":"textures/items/cy_iaf/tool/dragon_axe"},"cy_iaf:dragon_hoe":{"textures":"textures/items/cy_iaf/tool/dragon_hoe"},"cy_iaf:dragon_pickaxe":{"textures":"textures/items/cy_iaf/tool/dragon_pickaxe"},"cy_iaf:dragon_shovel":{"textures":"textures/items/cy_iaf/tool/dragon_shovel"},"cy_iaf:dragon_sword":{"textures":"textures/items/cy_iaf/tool/dragon_sword"},"cy_iaf:silver_axe":{"textures":"textures/items/cy_iaf/tool/silver_axe"},"cy_iaf:silver_hoe":{"textures":"textures/items/cy_iaf/tool/silver_hoe"},"cy_iaf:silver_pickaxe":{"textures":"textures/items/cy_iaf/tool/silver_pickaxe"},"cy_iaf:silver_shovel":{"textures":"textures/items/cy_iaf/tool/silver_shovel"},"cy_iaf:silver_sword":{"textures":"textures/items/cy_iaf/tool/silver_sword"},"cy_iaf:armor_amythest_boots":{"textures":"textures/items/cy_iaf/armor/armor_amythest_boots"},"cy_iaf:armor_amythest_chestplate":{"textures":"textures/items/cy_iaf/armor/armor_amythest_chestplate"},"cy_iaf:armor_amythest_helmet":{"textures":"textures/items/cy_iaf/armor/armor_amythest_helmet"},"cy_iaf:armor_amythest_leggings":{"textures":"textures/items/cy_iaf/armor/armor_amythest_leggings"},"cy_iaf:armor_black_boots":{"textures":"textures/items/cy_iaf/armor/armor_black_boots"},"cy_iaf:armor_black_chestplate":{"textures":"textures/items/cy_iaf/armor/armor_black_chestplate"},"cy_iaf:armor_black_helmet":{"textures":"textures/items/cy_iaf/armor/armor_black_helmet"},"cy_iaf:armor_black_leggings":{"textures":"textures/items/cy_iaf/armor/armor_black_leggings"},"cy_iaf:armor_blue_boots":{"textures":"textures/items/cy_iaf/armor/armor_blue_boots"},"cy_iaf:armor_blue_chestplate":{"textures":"textures/items/cy_iaf/armor/armor_blue_chestplate"},"cy_iaf:armor_blue_helmet":{"textures":"textures/items/cy_iaf/armor/armor_blue_helmet"},"cy_iaf:armor_blue_leggings":{"textures":"textures/items/cy_iaf/armor/armor_blue_leggings"},"cy_iaf:armor_bronze_boots":{"textures":"textures/items/cy_iaf/armor/armor_bronze_boots"},"cy_iaf:armor_bronze_chestplate":{"textures":"textures/items/cy_iaf/armor/armor_bronze_chestplate"},"cy_iaf:armor_bronze_helmet":{"textures":"textures/items/cy_iaf/armor/armor_bronze_helmet"},"cy_iaf:armor_bronze_leggings":{"textures":"textures/items/cy_iaf/armor/armor_bronze_leggings"},"cy_iaf:armor_copper_boots":{"textures":"textures/items/cy_iaf/armor/armor_copper_boots"},"cy_iaf:armor_copper_chestplate":{"textures":"textures/items/cy_iaf/armor/armor_copper_chestplate"},"cy_iaf:armor_copper_helmet":{"textures":"textures/items/cy_iaf/armor/armor_copper_helmet"},"cy_iaf:armor_copper_leggings":{"textures":"textures/items/cy_iaf/armor/armor_copper_leggings"},"cy_iaf:armor_copper_metal_boots":{"textures":"textures/items/cy_iaf/armor/armor_copper_metal_boots"},"cy_iaf:armor_copper_metal_chestplate":{"textures":"textures/items/cy_iaf/armor/armor_copper_metal_chestplate"},"cy_iaf:armor_copper_metal_helmet":{"textures":"textures/items/cy_iaf/armor/armor_copper_metal_helmet"},"cy_iaf:armor_copper_metal_leggings":{"textures":"textures/items/cy_iaf/armor/armor_copper_metal_leggings"},"cy_iaf:armor_electric_boots":{"textures":"textures/items/cy_iaf/armor/armor_electric_boots"},"cy_iaf:armor_electric_chestplate":{"textures":"textures/items/cy_iaf/armor/armor_electric_chestplate"},"cy_iaf:armor_electric_helmet":{"textures":"textures/items/cy_iaf/armor/armor_electric_helmet"},"cy_iaf:armor_electric_leggings":{"textures":"textures/items/cy_iaf/armor/armor_electric_leggings"},"cy_iaf:armor_gray_boots":{"textures":"textures/items/cy_iaf/armor/armor_gray_boots"},"cy_iaf:armor_gray_chestplate":{"textures":"textures/items/cy_iaf/armor/armor_gray_chestplate"},"cy_iaf:armor_gray_helmet":{"textures":"textures/items/cy_iaf/armor/armor_gray_helmet"},"cy_iaf:armor_gray_leggings":{"textures":"textures/items/cy_iaf/armor/armor_gray_leggings"},"cy_iaf:armor_green_boots":{"textures":"textures/items/cy_iaf/armor/armor_green_boots"},"cy_iaf:armor_green_chestplate":{"textures":"textures/items/cy_iaf/armor/armor_green_chestplate"},"cy_iaf:armor_green_helmet":{"textures":"textures/items/cy_iaf/armor/armor_green_helmet"},"cy_iaf:armor_green_leggings":{"textures":"textures/items/cy_iaf/armor/armor_green_leggings"},"cy_iaf:armor_red_boots":{"textures":"textures/items/cy_iaf/armor/armor_red_boots"},"cy_iaf:armor_red_chestplate":{"textures":"textures/items/cy_iaf/armor/armor_red_chestplate"},"cy_iaf:armor_red_helmet":{"textures":"textures/items/cy_iaf/armor/armor_red_helmet"},"cy_iaf:armor_red_leggings":{"textures":"textures/items/cy_iaf/armor/armor_red_leggings"},"cy_iaf:armor_sapphire_boots":{"textures":"textures/items/cy_iaf/armor/armor_sapphire_boots"},"cy_iaf:armor_sapphire_chestplate":{"textures":"textures/items/cy_iaf/armor/armor_sapphire_chestplate"},"cy_iaf:armor_sapphire_helmet":{"textures":"textures/items/cy_iaf/armor/armor_sapphire_helmet"},"cy_iaf:armor_sapphire_leggings":{"textures":"textures/items/cy_iaf/armor/armor_sapphire_leggings"},"cy_iaf:armor_silver_boots":{"textures":"textures/items/cy_iaf/armor/armor_silver_boots"},"cy_iaf:armor_silver_chestplate":{"textures":"textures/items/cy_iaf/armor/armor_silver_chestplate"},"cy_iaf:armor_silver_helmet":{"textures":"textures/items/cy_iaf/armor/armor_silver_helmet"},"cy_iaf:armor_silver_leggings":{"textures":"textures/items/cy_iaf/armor/armor_silver_leggings"},"cy_iaf:armor_silver_metal_boots":{"textures":"textures/items/cy_iaf/armor/armor_silver_metal_boots"},"cy_iaf:armor_silver_metal_chestplate":{"textures":"textures/items/cy_iaf/armor/armor_silver_metal_chestplate"},"cy_iaf:armor_silver_metal_helmet":{"textures":"textures/items/cy_iaf/armor/armor_silver_metal_helmet"},"cy_iaf:armor_silver_metal_leggings":{"textures":"textures/items/cy_iaf/armor/armor_silver_metal_leggings"},"cy_iaf:armor_white_boots":{"textures":"textures/items/cy_iaf/armor/armor_white_boots"},"cy_iaf:armor_white_chestplate":{"textures":"textures/items/cy_iaf/armor/armor_white_chestplate"},"cy_iaf:armor_white_helmet":{"textures":"textures/items/cy_iaf/armor/armor_white_helmet"},"cy_iaf:armor_white_leggings":{"textures":"textures/items/cy_iaf/armor/armor_white_leggings"},"cy_iaf:dragonsteel_fire_boots":{"textures":"textures/items/cy_iaf/armor/dragonsteel_fire_boots"},"cy_iaf:dragonsteel_fire_chestplate":{"textures":"textures/items/cy_iaf/armor/dragonsteel_fire_chestplate"},"cy_iaf:dragonsteel_fire_helmet":{"textures":"textures/items/cy_iaf/armor/dragonsteel_fire_helmet"},"cy_iaf:dragonsteel_fire_leggings":{"textures":"textures/items/cy_iaf/armor/dragonsteel_fire_leggings"},"cy_iaf:dragonsteel_ice_boots":{"textures":"textures/items/cy_iaf/armor/dragonsteel_ice_boots"},"cy_iaf:dragonsteel_ice_chestplate":{"textures":"textures/items/cy_iaf/armor/dragonsteel_ice_chestplate"},"cy_iaf:dragonsteel_ice_helmet":{"textures":"textures/items/cy_iaf/armor/dragonsteel_ice_helmet"},"cy_iaf:dragonsteel_ice_leggings":{"textures":"textures/items/cy_iaf/armor/dragonsteel_ice_leggings"},"cy_iaf:dragonsteel_lightning_boots":{"textures":"textures/items/cy_iaf/armor/dragonsteel_lightning_boots"},"cy_iaf:dragonsteel_lightning_chestplate":{"textures":"textures/items/cy_iaf/armor/dragonsteel_lightning_chestplate"},"cy_iaf:dragonsteel_lightning_helmet":{"textures":"textures/items/cy_iaf/armor/dragonsteel_lightning_helmet"},"cy_iaf:dragonsteel_lightning_leggings":{"textures":"textures/items/cy_iaf/armor/dragonsteel_lightning_leggings"},"cy_iaf_dragon:bow":{"textures":"textures/items/cy_iaf/bow/dragon_bow"},"cy_iaf_dragon:bow_flip":{"textures":["textures/items/cy_iaf/bow/dragon_bow_pulling_0","textures/items/cy_iaf/bow/dragon_bow_pulling_1","textures/items/cy_iaf/bow/dragon_bow_pulling_2"]},"cy_iaf:dragonsteel_fire_axe":{"textures":"textures/items/cy_iaf/tool/dragonsteel_fire_axe"},"cy_iaf:dragonsteel_fire_hoe":{"textures":"textures/items/cy_iaf/tool/dragonsteel_fire_hoe"},"cy_iaf:dragonsteel_fire_pickaxe":{"textures":"textures/items/cy_iaf/tool/dragonsteel_fire_pickaxe"},"cy_iaf:dragonsteel_fire_shovel":{"textures":"textures/items/cy_iaf/tool/dragonsteel_fire_shovel"},"cy_iaf:dragonsteel_fire_sword":{"textures":"textures/items/cy_iaf/tool/dragonsteel_fire_sword"},"cy_iaf:dragonsteel_ice_axe":{"textures":"textures/items/cy_iaf/tool/dragonsteel_ice_axe"},"cy_iaf:dragonsteel_ice_hoe":{"textures":"textures/items/cy_iaf/tool/dragonsteel_ice_hoe"},"cy_iaf:dragonsteel_ice_pickaxe":{"textures":"textures/items/cy_iaf/tool/dragonsteel_ice_pickaxe"},"cy_iaf:dragonsteel_ice_shovel":{"textures":"textures/items/cy_iaf/tool/dragonsteel_ice_shovel"},"cy_iaf:dragonsteel_ice_sword":{"textures":"textures/items/cy_iaf/tool/dragonsteel_ice_sword"},"cy_iaf:dragonsteel_lightning_axe":{"textures":"textures/items/cy_iaf/tool/dragonsteel_lightning_axe"},"cy_iaf:dragonsteel_lightning_hoe":{"textures":"textures/items/cy_iaf/tool/dragonsteel_lightning_hoe"},"cy_iaf:dragonsteel_lightning_pickaxe":{"textures":"textures/items/cy_iaf/tool/dragonsteel_lightning_pickaxe"},"cy_iaf:dragonsteel_lightning_shovel":{"textures":"textures/items/cy_iaf/tool/dragonsteel_lightning_shovel"},"cy_iaf:dragonsteel_lightning_sword":{"textures":"textures/items/cy_iaf/tool/dragonsteel_lightning_sword"},"cy_iaf:dragonsteel_fire_ingot":{"textures":"textures/items/cy_iaf/64/dragonsteel_fire_ingot"},"cy_iaf:dragonsteel_ice_ingot":{"textures":"textures/items/cy_iaf/64/dragonsteel_ice_ingot"},"cy_iaf:dragonsteel_lightning_ingot":{"textures":"textures/items/cy_iaf/64/dragonsteel_lightning_ingot"}}}