{"resource_pack_name":"vanilla","texture_name":"atlas.terrain","texture_data":{"cy_iaf:amythest_block":{"textures":"textures/blocks/cy_iaf/1/amythest_block"},"cy_iaf:gold_pile":{"textures":"textures/blocks/cy_iaf/1/gold_pile"},"cy_iaf:silver_pile":{"textures":"textures/blocks/cy_iaf/1/silver_pile"},"cy_iaf:copper_pile":{"textures":"textures/blocks/cy_iaf/1/copper_pile"},"cy_iaf:amythest_ore":{"textures":"textures/blocks/cy_iaf/1/amythest_ore"},"cy_iaf:ash":{"textures":"textures/blocks/cy_iaf/1/ash"},"cy_iaf:chared_cobblestone":{"textures":"textures/blocks/cy_iaf/1/chared_cobblestone"},"cy_iaf:chared_dirt":{"textures":"textures/blocks/cy_iaf/1/chared_dirt"},"cy_iaf:chared_gravel":{"textures":"textures/blocks/cy_iaf/1/chared_gravel"},"cy_iaf:chared_stone":{"textures":"textures/blocks/cy_iaf/1/chared_stone"},"cy_iaf:copper_block":{"textures":"textures/blocks/cy_iaf/1/copper_block"},"cy_iaf:copper_ore":{"textures":"textures/blocks/cy_iaf/1/copper_ore"},"cy_iaf:crackled_cobblestone":{"textures":"textures/blocks/cy_iaf/1/crackled_cobblestone"},"cy_iaf:crackled_dirt":{"textures":"textures/blocks/cy_iaf/1/crackled_dirt"},"cy_iaf:crackled_gravel":{"textures":"textures/blocks/cy_iaf/1/crackled_gravel"},"cy_iaf:crackled_stone":{"textures":"textures/blocks/cy_iaf/1/crackled_stone"},"cy_iaf:dragonforge_fire_brick":{"textures":"textures/blocks/cy_iaf/1/dragonforge_fire_brick"},"cy_iaf:dragonforge_fire_core":{"textures":"textures/blocks/cy_iaf/flipbook/dragonforge_fire_core"},"cy_iaf:dragonforge_fire_input":{"textures":"textures/blocks/cy_iaf/1/dragonforge_fire_input"},"cy_iaf:dragonforge_ice_brick":{"textures":"textures/blocks/cy_iaf/1/dragonforge_ice_brick"},"cy_iaf:dragonforge_ice_core":{"textures":"textures/blocks/cy_iaf/flipbook/dragonforge_ice_core"},"cy_iaf:dragonforge_ice_input":{"textures":"textures/blocks/cy_iaf/1/dragonforge_ice_input"},"cy_iaf:dragonforge_lightning_brick":{"textures":"textures/blocks/cy_iaf/1/dragonforge_lightning_brick"},"cy_iaf:dragonforge_lightning_core":{"textures":"textures/blocks/cy_iaf/flipbook/dragonforge_lightning_core"},"cy_iaf:dragonforge_lightning_input":{"textures":"textures/blocks/cy_iaf/1/dragonforge_lightning_input"},"cy_iaf:dragonscale_amythest":{"textures":"textures/blocks/cy_iaf/1/dragonscale_amythest"},"cy_iaf:dragonscale_black":{"textures":"textures/blocks/cy_iaf/1/dragonscale_black"},"cy_iaf:dragonscale_blue":{"textures":"textures/blocks/cy_iaf/1/dragonscale_blue"},"cy_iaf:dragonscale_bronze":{"textures":"textures/blocks/cy_iaf/1/dragonscale_bronze"},"cy_iaf:dragonscale_copper":{"textures":"textures/blocks/cy_iaf/1/dragonscale_copper"},"cy_iaf:dragonscale_electric":{"textures":"textures/blocks/cy_iaf/1/dragonscale_electric"},"cy_iaf:dragonscale_gray":{"textures":"textures/blocks/cy_iaf/1/dragonscale_gray"},"cy_iaf:dragonscale_green":{"textures":"textures/blocks/cy_iaf/1/dragonscale_green"},"cy_iaf:dragonscale_red":{"textures":"textures/blocks/cy_iaf/1/dragonscale_red"},"cy_iaf:dragonscale_sapphire":{"textures":"textures/blocks/cy_iaf/1/dragonscale_sapphire"},"cy_iaf:dragonscale_silver":{"textures":"textures/blocks/cy_iaf/1/dragonscale_silver"},"cy_iaf:dragonscale_white":{"textures":"textures/blocks/cy_iaf/1/dragonscale_white"},"cy_iaf:dragonsteel_fire_block":{"textures":"textures/blocks/cy_iaf/1/dragonsteel_fire_block"},"cy_iaf:dragonsteel_ice_block":{"textures":"textures/blocks/cy_iaf/1/dragonsteel_ice_block"},"cy_iaf:dragonsteel_lightning_block":{"textures":"textures/blocks/cy_iaf/1/dragonsteel_lightning_block"},"cy_iaf:dragon_ice":{"textures":"textures/blocks/cy_iaf/1/dragon_ice"},"cy_iaf:egginice":{"textures":"textures/blocks/cy_iaf/1/egginice"},"cy_iaf:frozen_cobblestone":{"textures":"textures/blocks/cy_iaf/1/frozen_cobblestone"},"cy_iaf:frozen_dirt":{"textures":"textures/blocks/cy_iaf/1/frozen_dirt"},"cy_iaf:frozen_gravel":{"textures":"textures/blocks/cy_iaf/1/frozen_gravel"},"cy_iaf:frozen_splinters":{"textures":"textures/blocks/cy_iaf/1/frozen_splinters"},"cy_iaf:frozen_stone":{"textures":"textures/blocks/cy_iaf/1/frozen_stone"},"cy_iaf:nest":{"textures":"textures/blocks/cy_iaf/1/nest"},"cy_iaf:sapphire_block":{"textures":"textures/blocks/cy_iaf/1/sapphire_block"},"cy_iaf:sapphire_ore":{"textures":"textures/blocks/cy_iaf/1/sapphire_ore"},"cy_iaf:silver_block":{"textures":"textures/blocks/cy_iaf/1/silver_block"},"cy_iaf:silver_ore":{"textures":"textures/blocks/cy_iaf/1/silver_ore"},"cy_iaf:dragon_bone_block_down":{"textures":"textures/blocks/cy_iaf/3/dragon_bone_block_down"},"cy_iaf:dragon_bone_block_up":{"textures":"textures/blocks/cy_iaf/3/dragon_bone_block_up"},"cy_iaf:dragon_bone_block_side":{"textures":"textures/blocks/cy_iaf/3/dragon_bone_block_side"},"cy_iaf:frozen_grass_down":{"textures":"textures/blocks/cy_iaf/3/frozen_grass_down"},"cy_iaf:frozen_grass_up":{"textures":"textures/blocks/cy_iaf/3/frozen_grass_up"},"cy_iaf:frozen_grass_side":{"textures":"textures/blocks/cy_iaf/3/frozen_grass_side"},"cy_iaf:crackled_grass_down":{"textures":"textures/blocks/cy_iaf/3/crackled_grass_down"},"cy_iaf:crackled_grass_up":{"textures":"textures/blocks/cy_iaf/3/crackled_grass_up"},"cy_iaf:crackled_grass_side":{"textures":"textures/blocks/cy_iaf/3/crackled_grass_side"},"cy_iaf:chared_grass_down":{"textures":"textures/blocks/cy_iaf/3/chared_grass_down"},"cy_iaf:chared_grass_up":{"textures":"textures/blocks/cy_iaf/3/chared_grass_up"},"cy_iaf:chared_grass_side":{"textures":"textures/blocks/cy_iaf/3/chared_grass_side"},"cy_iaf:chared_grass_path":{"textures":"textures/blocks/cy_iaf/1/chared_grass_path"},"cy_iaf:crackled_grass_path":{"textures":"textures/blocks/cy_iaf/1/crackled_grass_path"},"cy_iaf:frozen_grass_path":{"textures":"textures/blocks/cy_iaf/1/frozen_grass_path"},"cy_iaf:lectern_iaf":{"textures":"textures/blocks/cy_iaf/1/lectern_iaf"},"cy_iaf:dragon_ice_spikes":{"textures":"textures/blocks/cy_iaf/1/dragon_ice_spikes"},"cy_iaf:dragonforge_fire_brick_grill_side":{"textures":"textures/blocks/cy_iaf/flipbook/dragonforge_fire_brick_grill"},"cy_iaf:dragonforge_ice_brick_grill_side":{"textures":"textures/blocks/cy_iaf/flipbook/dragonforge_ice_brick_grill"},"cy_iaf:dragonforge_lightning_brick_grill_side":{"textures":"textures/blocks/cy_iaf/flipbook/dragonforge_lightning_brick_grill"},"cy_iaf:fire_lily":{"textures":"textures/blocks/cy_iaf/1/fire_lily"},"cy_iaf:frost_lily":{"textures":"textures/blocks/cy_iaf/1/frost_lily"},"cy_iaf:lightning_lily":{"textures":"textures/blocks/cy_iaf/1/lightning_lily"}}}