{"format_version":"1.12.0","minecraft:geometry":[{"description":{"identifier":"geometry.armor_copper_metal_boots","texture_width":64,"texture_height":64,"visible_bounds_width":3,"visible_bounds_height":3.5,"visible_bounds_offset":[0,1.25,0]},"bones":[{"name":"root","pivot":[0,0,0]},{"name":"rightLeg","parent":"root","pivot":[-2,12,0],"cubes":[{"origin":[-4,0,-2],"size":[4,12,4],"inflate":0.5,"uv":[0,16]},{"origin":[0,5,-2],"size":[4,7,4],"inflate":0.52,"uv":[2,52]}]},{"name":"leftLeg","parent":"root","pivot":[2,12,0],"cubes":[{"origin":[0,0,-2],"size":[4,12,4],"inflate":0.5,"uv":[0,16],"mirror":true},{"origin":[-4,5,-2],"size":[4,7,4],"inflate":0.52,"uv":[2,52],"mirror":true}]}]}]}