{"format_version":"1.12.0","minecraft:geometry":[{"description":{"identifier":"geometry.armor_copper_metal_chestplate","texture_width":64,"texture_height":64,"visible_bounds_width":3,"visible_bounds_height":3.5,"visible_bounds_offset":[0,1.25,0]},"bones":[{"name":"root","pivot":[0,0,0]},{"name":"rightArm","parent":"root","pivot":[-5,22,0],"cubes":[{"origin":[-8,12,-2],"size":[4,12,4],"inflate":0.5,"uv":[40,16]}]},{"name":"leftArm","parent":"root","pivot":[5,22,0],"cubes":[{"origin":[4,12,-2],"size":[4,12,4],"inflate":0.5,"uv":[40,16],"mirror":true}]},{"name":"body","parent":"root","pivot":[0,24,0],"cubes":[{"origin":[-4,12,-2],"size":[8,12,4],"inflate":0.51,"uv":[16,16]}]}]}]}