{"format_version":"1.12.0","minecraft:geometry":[{"description":{"identifier":"geometry.armor_copper_metal_helmet","texture_width":64,"texture_height":64,"visible_bounds_width":3,"visible_bounds_height":3.5,"visible_bounds_offset":[0,1.25,0]},"bones":[{"name":"root","pivot":[0,0,0]},{"name":"head","parent":"root","pivot":[0,24,0],"cubes":[{"origin":[-4,24,-4],"size":[8,8,8],"inflate":0.5,"uv":[0,0]},{"origin":[0,24,-6.5],"size":[0,15,13],"uv":[24,32]},{"origin":[-4.5,23.5,-4.5],"size":[9,9,0],"inflate":0.25,"uv":[35,33]}]}]}]}