{"format_version":"1.10.0","particle_effect":{"description":{"identifier":"cy_iaf:fire_dragon_breath","basic_render_parameters":{"material":"particles_alpha","texture":"textures/particle/particles"}},"components":{"minecraft:emitter_rate_steady":{"spawn_rate":140,"max_particles":2000},"minecraft:emitter_lifetime_looping":{"active_time":1},"minecraft:emitter_shape_point":{"direction":["math.sin(math.random(-10, 10))","math.sin(math.random(-10, 10))",-1]},"minecraft:particle_lifetime_expression":{"max_lifetime":7},"minecraft:particle_initial_speed":"math.random(10, 16)","minecraft:particle_motion_dynamic":{"linear_drag_coefficient":-1},"minecraft:particle_appearance_billboard":{"size":["0.1 + variable.particle_random_1 * 0.1","0.1 + variable.particle_random_1 * 0.1"],"facing_camera_mode":"rotate_xyz","uv":{"texture_width":128,"texture_height":128,"uv":[0,24],"uv_size":[8,8]}},"minecraft:particle_motion_collision":{"collision_radius":0.1,"expire_on_contact":true}}}}