{"format_version":"1.10.0","minecraft:client_entity":{"description":{"identifier":"cy_iaf:dragonbone_arrow","materials":{"default":"arrow"},"textures":{"default":"textures/entity/cy_iaf/projectile/dragonbone_arrow"},"particle_effects":{"arrow_particle":"cy_iaf:arrow_particle"},"geometry":{"default":"geometry.arrow"},"animations":{"move":"animation.arrow.move","arrow_particle_ac":"controller.animation.cy_iaf.arrow_particle.particle"},"scripts":{"pre_animation":["variable.shake = query.shake_time - query.frame_alpha;","variable.shake_power = variable.shake > 0.0 ? -Math.sin(variable.shake * 200.0) * variable.shake : 0.0;"],"animate":["move","arrow_particle_ac"]},"render_controllers":["controller.render.arrow"]}}}