{"format_version":"1.10.0","minecraft:client_entity":{"description":{"identifier":"cy_iaf:fire_dragon_charge","materials":{"default":"arrow"},"textures":{"magma_0":"textures/entity/cy_iaf/projectile/magma_0","magma_1":"textures/entity/cy_iaf/projectile/magma_1","magma_2":"textures/entity/cy_iaf/projectile/magma_2","magma_3":"textures/entity/cy_iaf/projectile/magma_3","magma_4":"textures/entity/cy_iaf/projectile/magma_4","magma_5":"textures/entity/cy_iaf/projectile/magma_5"},"particle_effects":{"basic":"cy_iaf:dragon_charge_basic","flames":"cy_iaf:fire_dragon_charge_flames","basic_flames":"cy_iaf:fire_dragon_charge_basic_flames"},"geometry":{"default":"geometry.cy_iaf.block"},"scripts":{"animate":["particle"]},"animations":{"particle":"controller.animation.cy_iaf.fire_dragon_charge.particle"},"render_controllers":["controller.render.cy_iaf.fire_dragon_charge"]}}}