{"format_version":"1.10.0","minecraft:client_entity":{"description":{"identifier":"cy_iaf:ice_dragon_charge","materials":{"default":"arrow"},"textures":{"default":"textures/blocks/cy_iaf/1/dragon_ice"},"particle_effects":{"basic":"cy_iaf:dragon_charge_basic","blue":"cy_iaf:ice_dragon_charge_snow_blue","white":"cy_iaf:ice_dragon_charge_snow_white"},"geometry":{"default":"geometry.cy_iaf.block"},"scripts":{"animate":["particle"]},"animations":{"particle":"controller.animation.cy_iaf.ice_dragon_charge.particle"},"render_controllers":["controller.render.cy_iaf.default"]}}}