{"format_version":"1.10.0","minecraft:client_entity":{"description":{"identifier":"cy_iaf:lightning_dragon_charge","materials":{"default":"charged_creeper"},"textures":{"default":"textures/entity/cy_iaf/projectile/lightning_charge"},"particle_effects":{"basic":"cy_iaf:dragon_charge_basic"},"geometry":{"default":"geometry.cy_iaf.lightning_dragon_charge"},"scripts":{"animate":["particle","incubation"]},"animations":{"particle":"controller.animation.cy_iaf.lightning_dragon_charge.particle","incubation":"animation.lightning_dragon_charge.incubation"},"render_controllers":["controller.render.cy_iaf.lightning_dragon_charge"]}}}