{"format_version":"1.10.0","particle_effect":{"description":{"identifier":"cy_iaf:arrow_particle","basic_render_parameters":{"material":"particles_alpha","texture":"textures/particle/particles"}},"components":{"minecraft:emitter_rate_steady":{"spawn_rate":5,"max_particles":100},"minecraft:emitter_lifetime_expression":{"activation_expression":1},"minecraft:emitter_shape_point":{"direction":["Math.random(-0.1, 0.1)",1,"Math.random(-0.1, 0.1)"]},"minecraft:particle_lifetime_expression":{"max_lifetime":"6.0 / (Math.random(0.0, 16.0) + 12.0)"},"minecraft:particle_initial_speed":0,"minecraft:particle_motion_dynamic":{"linear_acceleration":[0,-0.5,0]},"minecraft:particle_appearance_billboard":{"size":["0.10 + variable.particle_random_1*0.05","0.10 + variable.particle_random_1*0.05"],"facing_camera_mode":"lookat_xyz","uv":{"texture_width":128,"texture_height":128,"flipbook":{"base_UV":[0,72],"size_UV":[8,8],"step_UV":[8,0],"frames_per_second":8,"max_frame":8,"stretch_to_lifetime":true}}},"minecraft:particle_appearance_lighting":{},"minecraft:particle_appearance_tinting":{"color":[0.77255,0.49412,0.36863,1]}}}}