{"format_version":"1.10.0","particle_effect":{"description":{"identifier":"cy_iaf:fire_dragon_charge_flames","basic_render_parameters":{"material":"particles_alpha","texture":"textures/flame_atlas"}},"components":{"minecraft:emitter_local_space":{"position":true,"rotation":true},"minecraft:emitter_rate_steady":{"spawn_rate":1,"max_particles":10},"minecraft:emitter_lifetime_expression":{"activation_expression":1},"minecraft:emitter_shape_point":{"offset":[0,1,0]},"minecraft:particle_lifetime_expression":{"max_lifetime":1},"minecraft:particle_initial_speed":0,"minecraft:particle_motion_dynamic":{},"minecraft:particle_appearance_billboard":{"size":[1.2,1.2],"facing_camera_mode":"lookat_y","uv":{"texture_width":1,"texture_height":32,"flipbook":{"base_UV":[0,0],"size_UV":[1,1],"step_UV":[0,1],"frames_per_second":32,"max_frame":32,"stretch_to_lifetime":true}}}}}}