{"format_version":"1.10.0","particle_effect":{"description":{"identifier":"cy_iaf:fire_dragon_charge_basic_flames","basic_render_parameters":{"material":"particles_alpha","texture":"textures/particle/particles"}},"components":{"minecraft:emitter_rate_steady":{"spawn_rate":50,"max_particles":100},"minecraft:emitter_lifetime_expression":{"activation_expression":1},"minecraft:emitter_shape_point":{"offset":["math.random(-0.5, 0.5)","math.random(-0.5, 0)","math.random(-0.5, 0.5)"]},"minecraft:particle_lifetime_expression":{"max_lifetime":"Math.random(0.6, 2.0)"},"minecraft:particle_initial_speed":0,"minecraft:particle_motion_dynamic":{},"minecraft:particle_appearance_billboard":{"size":["(0.1 + variable.particle_random_1*0.1) - (0.1 * variable.particle_age)","(0.1 + variable.particle_random_1*0.1) - (0.1 * variable.particle_age)"],"facing_camera_mode":"lookat_xyz","uv":{"texture_width":128,"texture_height":128,"uv":[0,24],"uv_size":[8,8]}}}}}