{"format_version":"1.12.0","minecraft:geometry":[{"description":{"identifier":"geometry.fire_dragon_head","texture_width":512,"texture_height":256,"visible_bounds_width":31,"visible_bounds_height":15,"visible_bounds_offset":[0,1.5,0]},"bones":[{"name":"root","pivot":[0,0,0]},{"name":"waist","parent":"root","pivot":[0,18,0]},{"name":"body","parent":"waist","pivot":[0,18,-7]},{"name":"neck_1","parent":"body","pivot":[0,18,-20]},{"name":"neck_2","parent":"neck_1","pivot":[0,18,-27]},{"name":"neck_3","parent":"neck_2","pivot":[0,18,-39]},{"name":"head","parent":"neck_3","pivot":[0,4,7],"cubes":[{"origin":[-4,0,0],"size":[8,8,8],"uv":[12,108]}]},{"name":"eyelid_l","parent":"head","pivot":[3.05,4.45,0.25],"cubes":[{"origin":[2,2,-1],"size":[3,5,5],"inflate":-0.9,"uv":[0,0]},{"origin":[1.1,1.9,-3],"size":[3,5,4],"inflate":-0.9,"uv":[0,10]}]},{"name":"eyelid_r","parent":"head","pivot":[-3.05,4.5,0.25],"cubes":[{"origin":[-5,2,-1],"size":[3,5,5],"inflate":-0.9,"uv":[0,0],"mirror":true},{"origin":[-4.1,2,-3],"size":[3,5,4],"inflate":-0.9,"uv":[0,10],"mirror":true}]},{"name":"mouth_up","parent":"head","pivot":[0,2.1,1],"cubes":[{"origin":[-3,1.9,-10],"size":[6,6,10],"inflate":0.1,"uv":[12,88]},{"origin":[-3,-0.3,-10],"size":[3,2,10],"inflate":0.1,"uv":[12,32]},{"origin":[0,-0.3,-10],"size":[3,2,10],"inflate":0.1,"uv":[12,32],"mirror":true}]},{"name":"mouth_down","parent":"head","pivot":[0,2,1],"cubes":[{"origin":[-3,0,-10],"size":[6,2,10],"uv":[68,112]},{"origin":[1,1.5,-10],"size":[2,2,10],"inflate":-0.1,"pivot":[2,2.5,-5],"rotation":[0,0,-180],"uv":[14,32]},{"origin":[-3,1.5,-10],"size":[2,2,10],"inflate":-0.1,"pivot":[-2,2.5,-5],"rotation":[0,0,180],"uv":[14,32],"mirror":true}]},{"name":"horn_female","parent":"head","pivot":[0,-4,67]},{"name":"horn_female_r","parent":"horn_female","pivot":[0,-4,67],"cubes":[{"origin":[-4,1.5,5],"size":[2,2,8],"pivot":[-3,2.5,6],"rotation":[9.82513,-25.1946,-3.00593],"uv":[72,56]},{"origin":[-7.63648,3.4865,11.80356],"size":[2,2,3],"pivot":[-6.63648,3.7615,13.57856],"rotation":[34.82513,-25.1946,-3.00593],"uv":[111,61]},{"origin":[-4.5,4.75,5],"size":[2,4,8],"pivot":[-3.5,6.75,7],"rotation":[30.2614,-14.8687,-14.50307],"uv":[118,68]},{"origin":[-7.65813,9.56003,10.87626],"size":[2,2,6],"pivot":[-6.65813,11.51003,14.02626],"rotation":[12.7614,-14.8687,-14.50307],"uv":[92,72]},{"origin":[-9.19164,11.33075,14.90792],"size":[2,2,3],"pivot":[-8.19164,13.45575,17.78292],"rotation":[42.7614,-14.8687,-14.50307],"uv":[95,61]}]},{"name":"horn_female_l","parent":"horn_female","pivot":[0,-4,67],"cubes":[{"origin":[2,1.5,5],"size":[2,2,8],"pivot":[3,2.5,6],"rotation":[9.82513,25.1946,3.00593],"uv":[72,56],"mirror":true},{"origin":[5.63648,3.4865,11.80356],"size":[2,2,3],"pivot":[6.63648,3.7615,13.57856],"rotation":[34.82513,25.1946,3.00593],"uv":[111,61],"mirror":true},{"origin":[2.5,4.75,5],"size":[2,4,8],"pivot":[3.5,6.75,7],"rotation":[30.2614,14.8687,14.50307],"uv":[118,68],"mirror":true},{"origin":[5.65813,9.56003,10.87626],"size":[2,2,6],"pivot":[6.65813,11.51003,14.02626],"rotation":[12.7614,14.8687,14.50307],"uv":[92,72],"mirror":true},{"origin":[7.19164,11.33075,14.90792],"size":[2,2,3],"pivot":[8.19164,13.45575,17.78292],"rotation":[42.7614,14.8687,14.50307],"uv":[95,61],"mirror":true}]},{"name":"horn_male","parent":"head","pivot":[0,-4,67]},{"name":"horn_male_r","parent":"horn_male","pivot":[0,-4,67],"cubes":[{"origin":[-4,1.5,5],"size":[2,2,8],"pivot":[-3,2.5,6],"rotation":[9.82513,-25.1946,-3.00593],"uv":[72,56]},{"origin":[-7.63648,3.1115,11.90356],"size":[2,2,3],"pivot":[-6.63648,3.7615,13.57856],"rotation":[22.32513,-25.1946,-3.00593],"uv":[111,61]},{"origin":[-4.5,4.75,5],"size":[2,4,8],"pivot":[-3.5,6.75,7],"rotation":[30.2614,-14.8687,-14.50307],"uv":[118,68]},{"origin":[-7.65813,10.66003,11.00126],"size":[2,2,6],"pivot":[-6.65813,11.48503,14.02626],"rotation":[32.7614,-14.8687,-14.50307],"uv":[92,72]},{"origin":[-9.19164,12.65575,16.15792],"size":[2,2,3],"pivot":[-8.19164,13.43075,17.78292],"rotation":[27.7614,-14.8687,-14.50307],"uv":[95,61]}]},{"name":"horn_male_l","parent":"horn_male","pivot":[0,-4,67],"cubes":[{"origin":[2,1.5,5],"size":[2,2,8],"pivot":[3,2.5,6],"rotation":[9.82513,25.1946,3.00593],"uv":[72,56],"mirror":true},{"origin":[5.63648,3.1115,11.90356],"size":[2,2,3],"pivot":[6.63648,3.7615,13.57856],"rotation":[22.32513,25.1946,3.00593],"uv":[111,61],"mirror":true},{"origin":[2.5,4.75,5],"size":[2,4,8],"pivot":[3.5,6.75,7],"rotation":[30.2614,14.8687,14.50307],"uv":[118,68],"mirror":true},{"origin":[5.65813,10.66003,11.00126],"size":[2,2,6],"pivot":[6.65813,11.48503,14.02626],"rotation":[32.7614,14.8687,14.50307],"uv":[92,72],"mirror":true},{"origin":[7.19164,12.65575,16.15792],"size":[2,2,3],"pivot":[8.19164,13.43075,17.78292],"rotation":[27.7614,14.8687,14.50307],"uv":[95,61],"mirror":true}]}]}]}