{"format_version":"1.12.0","minecraft:geometry":[{"description":{"identifier":"geometry.ice_dragon_head","texture_width":512,"texture_height":256,"visible_bounds_width":31,"visible_bounds_height":15,"visible_bounds_offset":[0,1.5,0]},"bones":[{"name":"root","pivot":[0,0,0]},{"name":"waist","parent":"root","pivot":[0,18,0]},{"name":"body","parent":"waist","pivot":[0,18,-7]},{"name":"neck_1","parent":"body","pivot":[0,18,-20]},{"name":"neck_2","parent":"neck_1","pivot":[0,18,-27]},{"name":"neck_3","parent":"neck_2","pivot":[0,18,-39]},{"name":"head","parent":"neck_3","pivot":[0,4,8],"cubes":[{"origin":[-5,0,1],"size":[10,8,7],"uv":[13,109]}]},{"name":"eyelid_l","parent":"head","pivot":[3.05,4.45,1.25],"cubes":[{"origin":[3,2,0],"size":[3,5,5],"inflate":-0.9,"uv":[0,0]},{"origin":[2.1,1.9,-2],"size":[3,5,4],"inflate":-0.9,"uv":[0,10]}]},{"name":"eyelid_r","parent":"head","pivot":[-3.05,4.5,1.25],"cubes":[{"origin":[-6,2,0],"size":[3,5,5],"inflate":-0.9,"uv":[0,0],"mirror":true},{"origin":[-5.1,2,-2],"size":[3,5,4],"inflate":-0.9,"uv":[0,10],"mirror":true}]},{"name":"mouth_up","parent":"head","pivot":[0,2.1,2],"cubes":[{"origin":[-4,1.9,-8],"size":[8,6,10],"uv":[12,88]},{"origin":[-1,5.4,-7],"size":[2,4,4],"pivot":[0,7.4,-5],"rotation":[37.5,0,0],"uv":[142,72]},{"origin":[-1,9.125,-4.85],"size":[2,2,4],"pivot":[0,11.125,-2.85],"rotation":[27.5,0,0],"uv":[124,60]},{"origin":[-4,0.15,-8],"size":[3,2,8],"inflate":-0.1,"uv":[14,34]},{"origin":[1,0.15,-8],"size":[3,2,8],"inflate":-0.1,"uv":[14,34],"mirror":true}]},{"name":"mouth_down","parent":"head","pivot":[0,2,2],"cubes":[{"origin":[-4,-0.25,-8.5],"size":[8,2,12],"pivot":[0,0.75,2.5],"rotation":[-2.5,0,0],"uv":[66,110]},{"origin":[1,0.7,-8.25],"size":[3,3,8],"inflate":0.1,"pivot":[2.5,2.7,-3.25],"rotation":[2.5,0,-180],"uv":[14,34]},{"origin":[-4,0.7,-8.25],"size":[3,3,8],"inflate":0.1,"pivot":[-2.5,2.7,-3.25],"rotation":[2.5,0,180],"uv":[14,34],"mirror":true}]},{"name":"horn_female","parent":"head","pivot":[0,-4,68]},{"name":"horn_female_r","parent":"horn_female","pivot":[-1,-4,68],"cubes":[{"origin":[-5,1.5,6],"size":[2,2,8],"pivot":[-4,2.5,7],"rotation":[9.82513,-25.1946,-3.00593],"uv":[72,56]},{"origin":[-8.63648,3.4865,12.80356],"size":[2,2,4],"pivot":[-7.63648,3.7615,14.57856],"rotation":[34.82513,-25.1946,-3.00593],"uv":[110,60]},{"origin":[-4,9.07635,12.03078],"size":[2,2,4],"pivot":[-3,10.41605,11.14798],"rotation":[42.75313,-9.53274,-3.03513],"uv":[110,60]},{"origin":[-8.16044,7.13781,4.73235],"size":[2,4,8],"pivot":[-7.16044,9.08826,14.55252],"rotation":[25.22392,-16.06479,-13.1588],"uv":[118,68]},{"origin":[-4,9.25,4.25],"size":[2,2,8],"pivot":[-3,10.41605,11.14798],"rotation":[32.75313,-9.53274,-3.03513],"uv":[118,68]},{"origin":[-8.16044,8.49401,12.21214],"size":[2,2,6],"pivot":[-7.16044,9.08826,14.55252],"rotation":[7.72392,-16.06479,-13.1588],"uv":[92,72]},{"origin":[-8.16044,6.75859,17.44988],"size":[2,2,4],"pivot":[-7.16044,9.08826,14.55252],"rotation":[37.72392,-16.06479,-13.1588],"uv":[94,60]}]},{"name":"horn_female_l","parent":"horn_female","pivot":[1,-4,68],"cubes":[{"origin":[3,1.5,6],"size":[2,2,8],"pivot":[4,2.5,7],"rotation":[9.82513,25.1946,3.00593],"uv":[72,56],"mirror":true},{"origin":[6.63648,3.4865,12.80356],"size":[2,2,4],"pivot":[7.63648,3.7615,14.57856],"rotation":[34.82513,25.1946,3.00593],"uv":[110,60],"mirror":true},{"origin":[6.16044,7.13781,4.73235],"size":[2,4,8],"pivot":[7.16044,9.08826,14.55252],"rotation":[25.22392,16.06479,13.1588],"uv":[118,68],"mirror":true},{"origin":[6.16044,8.49401,12.21214],"size":[2,2,6],"pivot":[7.16044,9.08826,14.55252],"rotation":[7.72392,16.06479,13.1588],"uv":[92,72],"mirror":true},{"origin":[6.16044,6.75859,17.44988],"size":[2,2,4],"pivot":[7.16044,9.08826,14.55252],"rotation":[37.72392,16.06479,13.1588],"uv":[94,60],"mirror":true},{"origin":[2,9.25,4.25],"size":[2,2,8],"pivot":[3,10.41605,11.14798],"rotation":[32.75313,9.53274,3.03513],"uv":[118,68],"mirror":true},{"origin":[2,9.07635,12.03078],"size":[2,2,4],"pivot":[3,10.41605,11.14798],"rotation":[42.75313,9.53274,3.03513],"uv":[110,60],"mirror":true}]},{"name":"horn_male","parent":"head","pivot":[0,-4,68]},{"name":"horn_male_r","parent":"horn_male","pivot":[-1,-4,68],"cubes":[{"origin":[-5,1.5,6],"size":[2,2,8],"pivot":[-4,2.5,7],"rotation":[9.82513,-25.1946,-3.00593],"uv":[72,56]},{"origin":[-8.63648,3.1115,12.90356],"size":[2,2,4],"pivot":[-7.63648,3.7615,14.57856],"rotation":[22.32513,-25.1946,-3.00593],"uv":[110,60]},{"origin":[-5.5,4.75,6],"size":[2,4,8],"pivot":[-4.5,6.75,8],"rotation":[30.2614,-14.8687,-14.50307],"uv":[118,68]},{"origin":[-8.65813,10.66003,12.00126],"size":[2,2,6],"pivot":[-7.65813,11.48503,15.02626],"rotation":[32.7614,-14.8687,-14.50307],"uv":[92,72]},{"origin":[-10.19164,12.65575,17.15792],"size":[2,2,4],"pivot":[-9.19164,13.43075,18.78292],"rotation":[27.7614,-14.8687,-14.50307],"uv":[94,60]}]},{"name":"horn_male_l","parent":"horn_male","pivot":[1,-4,68],"cubes":[{"origin":[3,1.5,6],"size":[2,2,8],"pivot":[4,2.5,7],"rotation":[9.82513,25.1946,3.00593],"uv":[72,56],"mirror":true},{"origin":[6.63648,3.1115,12.90356],"size":[2,2,4],"pivot":[7.63648,3.7615,14.57856],"rotation":[22.32513,25.1946,3.00593],"uv":[110,60],"mirror":true},{"origin":[3.5,4.75,6],"size":[2,4,8],"pivot":[4.5,6.75,8],"rotation":[30.2614,14.8687,14.50307],"uv":[118,68],"mirror":true},{"origin":[6.65813,10.66003,12.00126],"size":[2,2,6],"pivot":[7.65813,11.48503,15.02626],"rotation":[32.7614,14.8687,14.50307],"uv":[92,72],"mirror":true},{"origin":[8.19164,12.65575,17.15792],"size":[2,2,4],"pivot":[9.19164,13.43075,18.78292],"rotation":[27.7614,14.8687,14.50307],"uv":[94,60],"mirror":true}]},{"name":"tail_1","parent":"waist","pivot":[0,18.05,6.1]},{"name":"tail_2","parent":"tail_1","pivot":[0,18,17]},{"name":"tail_3","parent":"tail_2","pivot":[0,18,32]},{"name":"tail_4","parent":"tail_3","pivot":[0,18,50]},{"name":"tail_5","parent":"tail_4","pivot":[0,18,65]},{"name":"tail_6","parent":"tail_5","pivot":[0,18,80]},{"name":"leg_r1","parent":"root","pivot":[-7,14,5]},{"name":"leg_r2","parent":"leg_r1","pivot":[-7,8.5,9]},{"name":"foot_r","parent":"leg_r2","pivot":[-7,-2.5,11]},{"name":"foot_r3","parent":"foot_r","pivot":[-8,-3,11.25]},{"name":"foot_finger_r3","parent":"foot_r3","pivot":[-8,-3,3.75]},{"name":"foot_r2","parent":"foot_r","pivot":[-6,-3,11.25]},{"name":"foot_finger_r2","parent":"foot_r2","pivot":[-6,-3,3.75]},{"name":"foot_r1","parent":"foot_r","pivot":[-7,-2,10]},{"name":"foot_finger_r1","parent":"foot_r1","pivot":[-7,-2,2.5]},{"name":"leg_l1","parent":"root","pivot":[7,14,5]},{"name":"leg_l2","parent":"leg_l1","pivot":[7,8.5,9]},{"name":"foot_l","parent":"leg_l2","pivot":[7,-2.5,11]},{"name":"foot_l1","parent":"foot_l","pivot":[7,-2,10]},{"name":"foot_finger_l1","parent":"foot_l1","pivot":[7,-2,2.5]},{"name":"foot_l2","parent":"foot_l","pivot":[6,-3,11.25]},{"name":"foot_finger_l2","parent":"foot_l2","pivot":[6,-3,3.75]},{"name":"foot_l3","parent":"foot_l","pivot":[8,-3,11.25]},{"name":"foot_finger_l3","parent":"foot_l3","pivot":[8,-3,3.75]},{"name":"wing_r1","parent":"root","pivot":[-6,22.5,-16]},{"name":"wing_r2","parent":"wing_r1","pivot":[-32,22.5,-13]},{"name":"membrane_r","parent":"wing_r2","pivot":[-66,22.25,-13]},{"name":"claw_r","parent":"wing_r2","pivot":[-74,20.5,-18],"rotation":[0,-90,0]},{"name":"wing_r3","parent":"wing_r2","pivot":[-72.5,22.5,-16]},{"name":"finger_r1","parent":"wing_r3","pivot":[-72.5,22.5,-16]},{"name":"membrane_r1","parent":"finger_r1","pivot":[-75.5,22.75,-14]},{"name":"finger_r2","parent":"wing_r3","pivot":[-72.5,22.5,-16],"rotation":[0,35,0]},{"name":"membrane_r2","parent":"finger_r2","pivot":[-75.5,22.5,-14]},{"name":"finger_r3","parent":"wing_r3","pivot":[-72.5,22.5,-16],"rotation":[0,70,0]},{"name":"membrane_r3","parent":"finger_r3","pivot":[-74.5,22.75,-14]},{"name":"finger_r4","parent":"wing_r3","pivot":[-72.5,22.5,-16],"rotation":[-180,75,180]},{"name":"membrane_r4","parent":"finger_r4","pivot":[-74.5,22.5,-14]},{"name":"wing_l1","parent":"root","pivot":[6,22.5,-16]},{"name":"wing_l2","parent":"wing_l1","pivot":[32,22.5,-13.21093]},{"name":"membrane_l","parent":"wing_l2","pivot":[66,22.25,-13.21093]},{"name":"claw_l","parent":"wing_l2","pivot":[74,20.5,-18.21093],"rotation":[0,90,0]},{"name":"wing_l3","parent":"wing_l2","pivot":[72.5,22.5,-16.21093]},{"name":"finger_l1","parent":"wing_l3","pivot":[72.5,22.5,-16.21093]},{"name":"membrane_l1","parent":"finger_l1","pivot":[75.5,22.75,-14.21093]},{"name":"finger_l2","parent":"wing_l3","pivot":[72.5,22.5,-16.21093],"rotation":[0,-35,0]},{"name":"membrane_l2","parent":"finger_l2","pivot":[75.5,22.5,-14.21093]},{"name":"finger_l3","parent":"wing_l3","pivot":[72.5,22.5,-16.21093],"rotation":[0,-70,0]},{"name":"membrane_l3","parent":"finger_l3","pivot":[74.5,22.75,-14.21093]},{"name":"finger_l4","parent":"wing_l3","pivot":[72.5,22.5,-16.21093],"rotation":[-180,-75,-180]},{"name":"membrane_l4","parent":"finger_l4","pivot":[74.5,22.5,-14.21093]}]}]}