{"format_version":"1.12.0","minecraft:geometry":[{"description":{"identifier":"geometry.lightning_dragon_head","texture_width":512,"texture_height":256,"visible_bounds_width":31,"visible_bounds_height":15,"visible_bounds_offset":[0,1.5,0]},"bones":[{"name":"root","pivot":[0,0,0]},{"name":"waist","parent":"root","pivot":[0,18,0]},{"name":"body","parent":"waist","pivot":[0,18,-7]},{"name":"neck_1","parent":"body","pivot":[0,18,-20]},{"name":"neck_2","parent":"neck_1","pivot":[0,18,-27]},{"name":"neck_3","parent":"neck_2","pivot":[0,18,-39]},{"name":"head","parent":"neck_3","pivot":[0,4,7],"cubes":[{"origin":[-4,0,-2],"size":[8,8,10],"uv":[10,106]}]},{"name":"eyelid_l","parent":"head","pivot":[3.05,4.45,-1.75],"cubes":[{"origin":[2,2,-3],"size":[3,5,5],"inflate":-0.9,"uv":[0,0]},{"origin":[1.1,1.9,-5],"size":[3,5,4],"inflate":-0.9,"uv":[0,10]}]},{"name":"eyelid_r","parent":"head","pivot":[-3.05,4.5,-1.75],"cubes":[{"origin":[-5,2,-3],"size":[3,5,5],"inflate":-0.9,"uv":[0,0],"mirror":true},{"origin":[-4.1,2,-5],"size":[3,5,4],"inflate":-0.9,"uv":[0,10],"mirror":true}]},{"name":"mouth_up","parent":"head","pivot":[0,2.1,-2],"cubes":[{"origin":[-3,1.9,-14],"size":[6,6,12],"inflate":0.1,"uv":[10,86]},{"origin":[0,-0.05,-13.75],"size":[3,2,12],"inflate":0.1,"pivot":[1.5,0.95,-7.75],"rotation":[0,0,-5],"uv":[10,30],"mirror":true},{"origin":[-3,-0.05,-13.75],"size":[3,2,12],"inflate":0.1,"pivot":[-1.5,0.95,-7.75],"rotation":[0,0,5],"uv":[10,30]}]},{"name":"mouth_down","parent":"head","pivot":[0,2,-1.75],"cubes":[{"origin":[-3,0,-13.75],"size":[6,2,12],"uv":[66,110]},{"origin":[-3.05,1.25,-13.75],"size":[2,2,13],"inflate":0.1,"pivot":[-2.05,2.25,-7.75],"rotation":[0,0,172.5],"uv":[10,29],"mirror":true},{"origin":[1.05,1.25,-13.75],"size":[2,2,13],"inflate":0.1,"pivot":[2.05,2.25,-7.75],"rotation":[0,0,-172.5],"uv":[10,29]}]},{"name":"horn_female","parent":"head","pivot":[0,-4,67]},{"name":"horn_female_r","parent":"horn_female","pivot":[0,-4,67],"cubes":[{"origin":[-5.85111,-0.55983,1.58867],"size":[2,2,8],"pivot":[-5.00676,0.29314,8.28742],"rotation":[-17.43374,-29.0275,-6.27556],"uv":[72,56]},{"origin":[-5.8439,3.54871,2.45953],"size":[2,2,8],"pivot":[-4.8439,4.54871,6.45953],"rotation":[12.56626,-29.0275,-6.27556],"uv":[72,56]},{"origin":[-11.44438,12.81305,10.94234],"size":[2,2,6],"pivot":[-10.44438,13.81305,13.94234],"rotation":[39.78074,-9.56855,-8.41027],"uv":[108,58]},{"origin":[-4,5,-1],"size":[2,4,10],"pivot":[-3,7,1],"rotation":[30.2614,-14.8687,-14.50307],"uv":[116,66]},{"origin":[-9.51813,10.61953,4.98666],"size":[2,2,8],"pivot":[-8.51813,11.55141,10.19456],"rotation":[17.46313,-36.55744,-10.00312],"uv":[90,70]},{"origin":[-9.02534,3.75051,7.09516],"size":[2,2,7],"pivot":[-8.02534,4.75051,10.59516],"rotation":[5.16152,-44.98141,-11.503],"uv":[91,71]},{"origin":[-5.83006,-0.83202,8.97035],"size":[2,2,4],"pivot":[-5.13176,-0.03186,8.28742],"rotation":[8.6813,-34.02526,0.977],"uv":[94,60]},{"origin":[-10.68006,2.99298,12.39535],"size":[2,2,4],"pivot":[-9.98176,3.79314,11.71242],"rotation":[38.11357,-26.02367,-10.32027],"uv":[94,60]}]},{"name":"horn_female_l","parent":"horn_female","pivot":[0,-4,67],"cubes":[{"origin":[3.8439,3.54871,2.45953],"size":[2,2,8],"pivot":[4.8439,4.54871,6.45953],"rotation":[12.56626,29.0275,6.27556],"uv":[72,56],"mirror":true},{"origin":[9.44438,12.81305,10.94234],"size":[2,2,6],"pivot":[10.44438,13.81305,13.94234],"rotation":[39.78074,9.56855,8.41027],"uv":[108,58],"mirror":true},{"origin":[2,5,-1],"size":[2,4,10],"pivot":[3,7,1],"rotation":[30.2614,14.8687,14.50307],"uv":[116,66],"mirror":true},{"origin":[7.51813,10.61953,4.98666],"size":[2,2,8],"pivot":[8.51813,11.55141,10.19456],"rotation":[17.46313,36.55744,10.00312],"uv":[90,70],"mirror":true},{"origin":[7.02534,3.75051,7.09516],"size":[2,2,7],"pivot":[8.02534,4.75051,10.59516],"rotation":[5.16152,44.98141,11.503],"uv":[91,71],"mirror":true},{"origin":[3.83006,-0.83202,8.97035],"size":[2,2,4],"pivot":[5.13176,-0.03186,8.28742],"rotation":[8.6813,34.02526,-0.977],"uv":[94,60],"mirror":true},{"origin":[8.68006,2.99298,12.39535],"size":[2,2,4],"pivot":[9.98176,3.79314,11.71242],"rotation":[38.11357,26.02367,10.32027],"uv":[94,60],"mirror":true},{"origin":[3.85111,-0.55983,1.58867],"size":[2,2,8],"pivot":[5.00676,0.29314,8.28742],"rotation":[-17.43374,29.0275,6.27556],"uv":[72,56],"mirror":true}]},{"name":"horn_male","parent":"head","pivot":[0,-4,67]},{"name":"horn_male_r","parent":"horn_male","pivot":[0,-4,67],"cubes":[{"origin":[-5.85111,-0.55983,1.58867],"size":[2,2,8],"pivot":[-5.00676,0.29314,8.28742],"rotation":[-17.43374,-29.0275,-6.27556],"uv":[72,56]},{"origin":[-5.8439,3.54871,2.45953],"size":[2,2,8],"pivot":[-4.8439,4.54871,6.45953],"rotation":[12.56626,-29.0275,-6.27556],"uv":[72,56]},{"origin":[-11.29438,13.18805,9.69234],"size":[2,2,6],"pivot":[-10.29438,14.18805,12.69234],"rotation":[24.82513,-12.6946,-10.50593],"uv":[108,58]},{"origin":[-4,5,-1],"size":[2,4,10],"pivot":[-3,7,1],"rotation":[30.2614,-14.8687,-14.50307],"uv":[116,66]},{"origin":[-9.11813,11.16953,3.43666],"size":[2,2,8],"pivot":[-8.11813,12.10141,8.64456],"rotation":[37.8417,-31.7426,-21.53613],"uv":[90,70]},{"origin":[-9.81813,4.94453,5.16166],"size":[2,2,7],"pivot":[-8.81813,5.87641,10.36956],"rotation":[22.8417,-44.2426,-11.53613],"uv":[91,71]},{"origin":[-5.70506,-0.50702,8.97035],"size":[2,2,4],"pivot":[-5.00676,0.29314,8.28742],"rotation":[-24.7385,-39.47286,-6.59319],"uv":[94,60]},{"origin":[-10.28006,5.21798,11.19535],"size":[2,2,4],"pivot":[-9.58176,6.01814,10.51242],"rotation":[10.2615,-31.97286,-6.59319],"uv":[94,60]}]},{"name":"horn_male_l","parent":"horn_male","pivot":[0,-4,67],"cubes":[{"origin":[3.8439,3.54871,2.45953],"size":[2,2,8],"pivot":[4.8439,4.54871,6.45953],"rotation":[12.56626,29.0275,6.27556],"uv":[72,56],"mirror":true},{"origin":[9.29438,13.18805,9.69234],"size":[2,2,6],"pivot":[10.29438,14.18805,12.69234],"rotation":[24.82513,12.6946,10.50593],"uv":[108,58],"mirror":true},{"origin":[2,5,-1],"size":[2,4,10],"pivot":[3,7,1],"rotation":[30.2614,14.8687,14.50307],"uv":[116,66],"mirror":true},{"origin":[7.11813,11.16953,3.43666],"size":[2,2,8],"pivot":[8.11813,12.10141,8.64456],"rotation":[37.8417,31.7426,21.53613],"uv":[90,70],"mirror":true},{"origin":[8.16813,5.04453,5.91166],"size":[2,2,7],"pivot":[9.16813,5.97641,11.11956],"rotation":[22.8417,44.2426,11.53613],"uv":[91,71],"mirror":true},{"origin":[3.70506,-0.50702,8.97035],"size":[2,2,4],"pivot":[5.00676,0.29314,8.28742],"rotation":[-24.7385,39.47286,6.59319],"uv":[94,60],"mirror":true},{"origin":[8.63006,5.31798,11.94535],"size":[2,2,4],"pivot":[9.93176,6.11814,11.26242],"rotation":[10.2615,31.97286,6.59319],"uv":[94,60],"mirror":true},{"origin":[3.85111,-0.55983,1.58867],"size":[2,2,8],"pivot":[5.00676,0.29314,8.28742],"rotation":[-17.43374,29.0275,6.27556],"uv":[72,56],"mirror":true}]},{"name":"tail_1","parent":"waist","pivot":[0,18.05,6.1]},{"name":"tail_2","parent":"tail_1","pivot":[0,18,17]},{"name":"tail_3","parent":"tail_2","pivot":[0,18,32]},{"name":"tail_4","parent":"tail_3","pivot":[0,18,50]},{"name":"tail_5","parent":"tail_4","pivot":[0,18,65]},{"name":"tail_6","parent":"tail_5","pivot":[0,18,80]},{"name":"leg_r1","parent":"root","pivot":[-7,14,5]},{"name":"leg_r2","parent":"leg_r1","pivot":[-7,8.5,9]},{"name":"foot_r","parent":"leg_r2","pivot":[-7,-2.5,11]},{"name":"foot_r3","parent":"foot_r","pivot":[-8,-3,11.25]},{"name":"foot_finger_r3","parent":"foot_r3","pivot":[-8,-3,3.75]},{"name":"foot_r2","parent":"foot_r","pivot":[-6,-3,11.25]},{"name":"foot_finger_r2","parent":"foot_r2","pivot":[-6,-3,3.75]},{"name":"foot_r1","parent":"foot_r","pivot":[-7,-2,10]},{"name":"foot_finger_r1","parent":"foot_r1","pivot":[-7,-2,2.5]},{"name":"leg_l1","parent":"root","pivot":[7,14,5]},{"name":"leg_l2","parent":"leg_l1","pivot":[7,8.5,9]},{"name":"foot_l","parent":"leg_l2","pivot":[7,-2.5,11]},{"name":"foot_l1","parent":"foot_l","pivot":[7,-2,10]},{"name":"foot_finger_l1","parent":"foot_l1","pivot":[7,-2,2.5]},{"name":"foot_l2","parent":"foot_l","pivot":[6,-3,11.25]},{"name":"foot_finger_l2","parent":"foot_l2","pivot":[6,-3,3.75]},{"name":"foot_l3","parent":"foot_l","pivot":[8,-3,11.25]},{"name":"foot_finger_l3","parent":"foot_l3","pivot":[8,-3,3.75]},{"name":"wing_r1","parent":"root","pivot":[-6,21.5,-16]},{"name":"wing_r2","parent":"wing_r1","pivot":[-32,22.5,-13]},{"name":"membrane_r","parent":"wing_r2","pivot":[-66,22.25,-13]},{"name":"claw_r","parent":"wing_r2","pivot":[-81.5,20.5,-18],"rotation":[0,-90,0]},{"name":"wing_r3","parent":"wing_r2","pivot":[-80.5,22.5,-16]},{"name":"finger_r1","parent":"wing_r3","pivot":[-80.5,22.5,-16]},{"name":"membrane_r1","parent":"finger_r1","pivot":[-83.5,22.75,-14]},{"name":"finger_r2","parent":"wing_r3","pivot":[-80.5,22.5,-16],"rotation":[0,35,0]},{"name":"membrane_r2","parent":"finger_r2","pivot":[-83.5,22.5,-14]},{"name":"finger_r3","parent":"wing_r3","pivot":[-80.5,22.5,-16],"rotation":[0,70,0]},{"name":"membrane_r3","parent":"finger_r3","pivot":[-82.5,22.75,-14]},{"name":"finger_r4","parent":"wing_r3","pivot":[-80.5,22.5,-16],"rotation":[-180,75,180]},{"name":"membrane_r4","parent":"finger_r4","pivot":[-82.5,22.5,-14]},{"name":"wing_l1","parent":"root","pivot":[6,21.5,-16]},{"name":"wing_l2","parent":"wing_l1","pivot":[32,22.5,-13]},{"name":"membrane_l","parent":"wing_l2","pivot":[66,22.25,-13]},{"name":"claw_l","parent":"wing_l2","pivot":[81.5,20.5,-18],"rotation":[0,90,0]},{"name":"wing_l3","parent":"wing_l2","pivot":[80.5,22.5,-16]},{"name":"finger_l1","parent":"wing_l3","pivot":[80.5,22.5,-16]},{"name":"membrane_l1","parent":"finger_l1","pivot":[83.5,22.75,-14]},{"name":"finger_l2","parent":"wing_l3","pivot":[80.5,22.5,-16],"rotation":[0,-35,0]},{"name":"membrane_l2","parent":"finger_l2","pivot":[83.5,22.5,-14]},{"name":"finger_l3","parent":"wing_l3","pivot":[80.5,22.5,-16],"rotation":[0,-70,0]},{"name":"membrane_l3","parent":"finger_l3","pivot":[82.5,22.75,-14]},{"name":"finger_l4","parent":"wing_l3","pivot":[80.5,22.5,-16],"rotation":[-180,-75,-180]},{"name":"membrane_l4","parent":"finger_l4","pivot":[82.5,22.5,-14]}]}]}