{"format_version":[1,1,0],"cy_iaf:amythest_block":{"textures":"cy_iaf:amythest_block","sound":"metal"},"cy_iaf:amythest_ore":{"textures":"cy_iaf:amythest_ore","sound":"stone"},"cy_iaf:ash":{"textures":"cy_iaf:ash","sound":"sand"},"cy_iaf:chared_cobblestone":{"textures":"cy_iaf:chared_cobblestone","sound":"stone"},"cy_iaf:chared_dirt":{"textures":"cy_iaf:chared_dirt","sound":"gravel"},"cy_iaf:chared_gravel":{"textures":"cy_iaf:chared_gravel","sound":"gravel"},"cy_iaf:chared_stone":{"textures":"cy_iaf:chared_stone","sound":"stone"},"cy_iaf:copper_block":{"textures":"cy_iaf:copper_block","sound":"metal"},"cy_iaf:copper_ore":{"textures":"cy_iaf:copper_ore","sound":"stone"},"cy_iaf:crackled_cobblestone":{"textures":"cy_iaf:crackled_cobblestone","sound":"stone"},"cy_iaf:crackled_dirt":{"textures":"cy_iaf:crackled_dirt","sound":"gravel"},"cy_iaf:crackled_gravel":{"textures":"cy_iaf:crackled_gravel","sound":"gravel"},"cy_iaf:crackled_stone":{"textures":"cy_iaf:crackled_stone","sound":"stone"},"cy_iaf:dragonforge_fire_brick":{"textures":"cy_iaf:dragonforge_fire_brick","sound":"metal"},"cy_iaf:dragonforge_fire_core":{"textures":"cy_iaf:dragonforge_fire_core","sound":"metal"},"cy_iaf:dragonforge_fire_input":{"textures":"cy_iaf:dragonforge_fire_input","sound":"metal"},"cy_iaf:dragonforge_ice_brick":{"textures":"cy_iaf:dragonforge_ice_brick","sound":"metal"},"cy_iaf:dragonforge_ice_core":{"textures":"cy_iaf:dragonforge_ice_core","sound":"metal"},"cy_iaf:dragonforge_ice_input":{"textures":"cy_iaf:dragonforge_ice_input","sound":"metal"},"cy_iaf:dragonforge_lightning_brick":{"textures":"cy_iaf:dragonforge_lightning_brick","sound":"metal"},"cy_iaf:dragonforge_lightning_core":{"textures":"cy_iaf:dragonforge_lightning_core","sound":"metal"},"cy_iaf:dragonforge_lightning_input":{"textures":"cy_iaf:dragonforge_lightning_input","sound":"metal"},"cy_iaf:dragonscale_amythest":{"textures":"cy_iaf:dragonscale_amythest","sound":"stone"},"cy_iaf:dragonscale_black":{"textures":"cy_iaf:dragonscale_black","sound":"stone"},"cy_iaf:dragonscale_blue":{"textures":"cy_iaf:dragonscale_blue","sound":"stone"},"cy_iaf:dragonscale_bronze":{"textures":"cy_iaf:dragonscale_bronze","sound":"stone"},"cy_iaf:dragonscale_copper":{"textures":"cy_iaf:dragonscale_copper","sound":"stone"},"cy_iaf:dragonscale_electric":{"textures":"cy_iaf:dragonscale_electric","sound":"stone"},"cy_iaf:dragonscale_gray":{"textures":"cy_iaf:dragonscale_gray","sound":"stone"},"cy_iaf:dragonscale_green":{"textures":"cy_iaf:dragonscale_green","sound":"stone"},"cy_iaf:dragonscale_red":{"textures":"cy_iaf:dragonscale_red","sound":"stone"},"cy_iaf:dragonscale_sapphire":{"textures":"cy_iaf:dragonscale_sapphire","sound":"stone"},"cy_iaf:dragonscale_silver":{"textures":"cy_iaf:dragonscale_silver","sound":"stone"},"cy_iaf:dragonscale_white":{"textures":"cy_iaf:dragonscale_white","sound":"stone"},"cy_iaf:dragonsteel_fire_block":{"textures":"cy_iaf:dragonsteel_fire_block","sound":"metal"},"cy_iaf:dragonsteel_ice_block":{"textures":"cy_iaf:dragonsteel_ice_block","sound":"metal"},"cy_iaf:dragonsteel_lightning_block":{"textures":"cy_iaf:dragonsteel_lightning_block","sound":"metal"},"cy_iaf:dragon_ice":{"textures":"cy_iaf:dragon_ice","sound":"glass"},"cy_iaf:egginice":{"textures":"cy_iaf:egginice","sound":"glass"},"cy_iaf:frozen_cobblestone":{"textures":"cy_iaf:frozen_cobblestone","sound":"glass"},"cy_iaf:frozen_dirt":{"textures":"cy_iaf:frozen_dirt","sound":"glass"},"cy_iaf:frozen_gravel":{"textures":"cy_iaf:frozen_gravel","sound":"glass"},"cy_iaf:frozen_splinters":{"textures":"cy_iaf:frozen_splinters","sound":"glass"},"cy_iaf:frozen_stone":{"textures":"cy_iaf:frozen_stone","sound":"glass"},"cy_iaf:nest":{"textures":"cy_iaf:nest","sound":"gravel"},"cy_iaf:sapphire_block":{"textures":"cy_iaf:sapphire_block","sound":"metal"},"cy_iaf:sapphire_ore":{"textures":"cy_iaf:sapphire_ore","sound":"stone"},"cy_iaf:silver_block":{"textures":"cy_iaf:silver_block","sound":"metal"},"cy_iaf:silver_ore":{"textures":"cy_iaf:silver_ore","sound":"stone"},"cy_iaf:frozen_grass_path":{"netease_model":"cy_iaf:frozen_grass_path_model","sound":"glass"},"cy_iaf:chared_grass_path":{"netease_model":"cy_iaf:chared_grass_path_model","sound":"gravel"},"cy_iaf:crackled_grass":{"textures":{"down":"cy_iaf:crackled_grass_down","up":"cy_iaf:crackled_grass_up","side":"cy_iaf:crackled_grass_side"},"sound":"gravel"},"cy_iaf:dragon_bone_block":{"textures":{"down":"cy_iaf:dragon_bone_block_down","up":"cy_iaf:dragon_bone_block_up","side":"cy_iaf:dragon_bone_block_side"},"sound":"wood"},"cy_iaf:chared_grass":{"textures":{"down":"cy_iaf:chared_grass_down","up":"cy_iaf:chared_grass_up","side":"cy_iaf:chared_grass_side"},"sound":"gravel"},"cy_iaf:frozen_grass":{"textures":{"down":"cy_iaf:frozen_grass_down","up":"cy_iaf:frozen_grass_up","side":"cy_iaf:frozen_grass_side"},"sound":"glass"},"cy_iaf:crackled_grass_path":{"netease_model":"cy_iaf:crackled_grass_path_model","sound":"gravel"},"cy_iaf:lectern_iaf":{"netease_model":"cy_iaf:lectern_iaf_model","sound":"wood"},"cy_iaf:gold_pile_0":{"netease_model":"cy_iaf:gold_pile_0","sound":"pile_break"},"cy_iaf:gold_pile_1":{"netease_model":"cy_iaf:gold_pile_1","sound":"pile_break"},"cy_iaf:gold_pile_2":{"netease_model":"cy_iaf:gold_pile_2","sound":"pile_break"},"cy_iaf:gold_pile_3":{"netease_model":"cy_iaf:gold_pile_3","sound":"pile_break"},"cy_iaf:gold_pile_4":{"netease_model":"cy_iaf:gold_pile_4","sound":"pile_break"},"cy_iaf:gold_pile_5":{"netease_model":"cy_iaf:gold_pile_5","sound":"pile_break"},"cy_iaf:gold_pile_6":{"netease_model":"cy_iaf:gold_pile_6","sound":"pile_break"},"cy_iaf:gold_pile_7":{"netease_model":"cy_iaf:gold_pile_7","sound":"pile_break"},"cy_iaf:silver_pile_0":{"netease_model":"cy_iaf:silver_pile_0","sound":"pile_break"},"cy_iaf:silver_pile_1":{"netease_model":"cy_iaf:silver_pile_1","sound":"pile_break"},"cy_iaf:silver_pile_2":{"netease_model":"cy_iaf:silver_pile_2","sound":"pile_break"},"cy_iaf:silver_pile_3":{"netease_model":"cy_iaf:silver_pile_3","sound":"pile_break"},"cy_iaf:silver_pile_4":{"netease_model":"cy_iaf:silver_pile_4","sound":"pile_break"},"cy_iaf:silver_pile_5":{"netease_model":"cy_iaf:silver_pile_5","sound":"pile_break"},"cy_iaf:silver_pile_6":{"netease_model":"cy_iaf:silver_pile_6","sound":"pile_break"},"cy_iaf:silver_pile_7":{"netease_model":"cy_iaf:silver_pile_7","sound":"pile_break"},"cy_iaf:copper_pile_0":{"netease_model":"cy_iaf:copper_pile_0","sound":"pile_break"},"cy_iaf:copper_pile_1":{"netease_model":"cy_iaf:copper_pile_1","sound":"pile_break"},"cy_iaf:copper_pile_2":{"netease_model":"cy_iaf:copper_pile_2","sound":"pile_break"},"cy_iaf:copper_pile_3":{"netease_model":"cy_iaf:copper_pile_3","sound":"pile_break"},"cy_iaf:copper_pile_4":{"netease_model":"cy_iaf:copper_pile_4","sound":"pile_break"},"cy_iaf:copper_pile_5":{"netease_model":"cy_iaf:copper_pile_5","sound":"pile_break"},"cy_iaf:copper_pile_6":{"netease_model":"cy_iaf:copper_pile_6","sound":"pile_break"},"cy_iaf:copper_pile_7":{"netease_model":"cy_iaf:copper_pile_7","sound":"pile_break"},"cy_iaf:dragon_ice_spikes":{"netease_model":"cy_iaf:dragon_ice_spikes","sound":"glass"},"cy_iaf:dragonforge_fire_brick_grill":{"textures":{"down":"cy_iaf:dragonforge_fire_brick","up":"cy_iaf:dragonforge_fire_brick","side":"cy_iaf:dragonforge_fire_brick_grill_side"},"sound":"metal"},"cy_iaf:dragonforge_ice_brick_grill":{"textures":{"down":"cy_iaf:dragonforge_ice_brick","up":"cy_iaf:dragonforge_ice_brick","side":"cy_iaf:dragonforge_ice_brick_grill_side"},"sound":"metal"},"cy_iaf:dragonforge_lightning_brick_grill":{"textures":{"down":"cy_iaf:dragonforge_lightning_brick","up":"cy_iaf:dragonforge_lightning_brick","side":"cy_iaf:dragonforge_lightning_brick_grill_side"},"sound":"metal"},"cy_iaf:fire_lily":{"netease_model":"cy_iaf:fire_lily","sound":"grass"},"cy_iaf:frost_lily":{"netease_model":"cy_iaf:frost_lily","sound":"grass"},"cy_iaf:lightning_lily":{"netease_model":"cy_iaf:lightning_lily","sound":"grass"}}