{"namespace":"CyIafDragonPanelUI","cy_iaf_dragon_panel_screen@common.inventory_screen_common":{"absorbs_input":true,"always_accepts_input":false,"close_on_player_hurt":true,"force_render_below":false,"is_showing_menu":true,"render_game_behind":true,"render_only_when_topmost":true,"should_steal_mouse":true,"button_mappings":[{"from_button_id":"button.menu_cancel","mapping_type":"global","to_button_id":"%CyIafDragonPanelUI.cancel"},{"from_button_id":"button.menu_select","mapping_type":"global","to_button_id":"%CyIafDragonPanelUI.cancel"}],"controls":[{"main_panel@CyIafDragonPanelUI.main_panel":{}}]},"main_panel":{"size":[176,"100%c"],"type":"panel","controls":[{"panel_button@CyIafDragonPanelUI.panel_button":{}}]},"panel_button@common.button":{"$pressed_button_name":"button.menu_ok","bindings":[],"sound_volume":0.0,"controls":[{"default@CyIafLecternUI.image":{"size":[0,0],"texture":""}},{"hover@CyIafLecternUI.image":{"size":[0,0],"texture":""}},{"pressed@CyIafLecternUI.image":{"size":[0,0],"texture":""}},{"main_bg@CyIafDragonPanelUI.main_bg":{}}],"layer":100,"size":["100%","100%c"]},"main_bg@CyIafLecternUI.image":{"size":["100%","100%c+18px"],"texture":"textures/ui/cy_iaf/gui_bg","controls":[{"doll_paper_panel@CyIafDragonPanelUI.doll_paper_panel":{}},{"info_panel@CyIafDragonPanelUI.info_panel":{}},{"inventory_panel@CyIafDragonPanelUI.inventory_panel":{}}]},"doll_paper_panel":{"anchor_from":"top_middle","anchor_to":"top_middle","size":["100%-14px",54],"offset":[0,7],"type":"panel","controls":[{"doll_paper_bg@CyIafDragonPanelUI.doll_paper_bg":{}},{"head_slot_panel@CyIafDragonPanelUI.slot_panel":{"layer":200,"$pressed_button_name":"%CyIafDragonPanelUI.inventory_item_button_callback","anchor_from":"top_left","anchor_to":"top_left","$slot_logo":"textures/ui/cy_iaf/dragon_panel/armor_head","$logo_binding_name":"#head_slot_panel.logo.visible","$armor_render_binding_name":"#head_armor_render.id_aux","$grid_collection_name":"dragon_head"}},{"neck_slot_panel@CyIafDragonPanelUI.slot_panel":{"layer":200,"$pressed_button_name":"%CyIafDragonPanelUI.inventory_item_button_callback","anchor_from":"top_left","anchor_to":"top_left","offset":[0,18],"$slot_logo":"textures/ui/cy_iaf/dragon_panel/armor_neck","$logo_binding_name":"#neck_slot_panel.logo.visible","$armor_render_binding_name":"#neck_armor_render.id_aux","$grid_collection_name":"dragon_neck"}},{"body_slot_panel@CyIafDragonPanelUI.slot_panel":{"layer":200,"$pressed_button_name":"%CyIafDragonPanelUI.inventory_item_button_callback","anchor_from":"top_right","anchor_to":"top_right","$slot_logo":"textures/ui/cy_iaf/dragon_panel/armor_body","$logo_binding_name":"#body_slot_panel.logo.visible","$armor_render_binding_name":"#body_armor_render.id_aux","$grid_collection_name":"dragon_body"}},{"tail_slot_panel@CyIafDragonPanelUI.slot_panel":{"layer":200,"$pressed_button_name":"%CyIafDragonPanelUI.inventory_item_button_callback","anchor_from":"top_right","anchor_to":"top_right","offset":[0,18],"$slot_logo":"textures/ui/cy_iaf/dragon_panel/armor_tail","$logo_binding_name":"#tail_slot_panel.logo.visible","$armor_render_binding_name":"#tail_armor_render.id_aux","$grid_collection_name":"dragon_tail"}}]},"doll_paper_bg@CyIafLecternUI.image":{"layer":100,"size":["100%-36px","100%"],"texture":"textures/ui/cy_iaf/gui_bg_1","controls":[{"dragon_paper_doll@CyIafDragonPanelUI.dragon_paper_doll":{}}]},"dragon_paper_doll":{"layer":200,"renderer":"netease_paper_doll_renderer","rotation":"auto","offset":[0,"30%"],"size":["100%","100%"],"type":"custom"},"info_panel":{"anchor_from":"top_middle","anchor_to":"top_middle","size":["100%-14px","100%c"],"offset":[0,63],"type":"panel","controls":[{"info_bg@CyIafDragonPanelUI.info_bg":{}}]},"info_bg@CyIafLecternUI.image":{"size":["100%-36px","100%c"],"texture":"textures/ui/cy_iaf/gui_bg_1","controls":[{"info_text@CyIafDragonPanelUI.info_text":{}}]},"info_text":{"layer":100,"bindings":[{"binding_condition":"always_when_visible","binding_name":"#CyIafDragonPanelUI.info_text.text"}],"text":"#CyIafDragonPanelUI.info_text.text","size":["default","default"],"max_size":["100%-2px","default"],"text_alignment":"center","type":"label"},"inventory_panel":{"anchor_from":"bottom_middle","anchor_to":"bottom_middle","offset":[0,-7],"size":["100%-14px","100%c+4px"],"type":"panel","controls":[{"inventory_items@CyIafDragonPanelUI.inventory_grid":{"$pressed_button_name":"%CyIafDragonPanelUI.inventory_item_button_callback","$grid_collection_name":"inventory_items","$grid_dimensions":[9,3],"anchor_from":"top_middle","anchor_to":"top_middle"}},{"hotbar_items@CyIafDragonPanelUI.inventory_grid":{"$pressed_button_name":"%CyIafDragonPanelUI.inventory_item_button_callback","$grid_collection_name":"hotbar_items","$grid_dimensions":[9,1],"anchor_from":"bottom_middle","anchor_to":"bottom_middle"}}]},"inventory_grid":{"$grid_collection_name|default":"","$grid_dimensions|default":"","$pressed_button_name|default":"","grid_item_template":"CyIafDragonPanelUI.grid_slot_panel","grid_dimensions":"$grid_dimensions","collection_name":"$grid_collection_name","size":["default","default"],"layer":100,"type":"grid"},"slot_panel":{"$slot_logo|default":"","$logo_binding_name|default":"","$armor_render_binding_name|default":"","size":[18,18],"type":"panel","controls":[{"slot_bg@CyIafDragonPanelUI.slot_bg":{}}]},"grid_slot_panel":{"size":[18,18],"type":"panel","controls":[{"grid_slot_bg@CyIafDragonPanelUI.grid_slot_bg":{}}]},"slot_bg@CyIafLecternUI.image":{"texture":"textures/ui/cy_iaf/dragon_panel/slot_bg","controls":[{"slot_logo@CyIafDragonPanelUI.slot_logo":{}},{"armor_render@CyIafDragonPanelUI.armor_render":{}},{"item_button@CyIafDragonPanelUI.item_button":{}},{"selected_slot@CyIafDragonPanelUI.selected_slot":{}}]},"grid_slot_bg@CyIafLecternUI.image":{"texture":"textures/ui/cy_iaf/dragon_panel/slot_bg","controls":[{"item_render@CyIafDragonPanelUI.item_render":{}},{"item_button@CyIafDragonPanelUI.item_button":{}},{"selected_slot@CyIafDragonPanelUI.selected_slot":{}}]},"slot_logo@CyIafLecternUI.image":{"size":["100%-2px","100%-2px"],"texture":"$slot_logo","bindings":[{"binding_condition":"always","binding_name":"$logo_binding_name","binding_name_override":"#visible"}]},"armor_render":{"layer":100,"renderer":"inventory_item_renderer","size":["100%-2px","100%-2px"],"type":"custom","bindings":[{"binding_condition":"always_when_visible","binding_name":"$armor_render_binding_name","binding_name_override":"#item_id_aux"}],"controls":[{"item_count@CyIafDragonPanelUI.item_count":{}}]},"item_render":{"layer":100,"renderer":"inventory_item_renderer","size":["100%-2px","100%-2px"],"type":"custom","bindings":[{"binding_condition":"always","binding_name":"#item_render.visible","binding_name_override":"#visible","binding_type":"collection","binding_collection_name":"$grid_collection_name"},{"binding_condition":"always_when_visible","binding_name":"#item_render.item_id_aux","binding_name_override":"#item_id_aux","binding_type":"collection","binding_collection_name":"$grid_collection_name"}],"controls":[{"item_count@CyIafDragonPanelUI.item_count":{}}]},"item_button@common.button":{"bindings":[{"binding_collection_name":"$grid_collection_name","binding_condition":"always_when_visible","binding_type":"collection_details"}],"sound_volume":0.0,"controls":[{"default@CyIafLecternUI.image":{"texture":""}},{"hover@CyIafLecternUI.image":{"texture":""}},{"pressed@CyIafLecternUI.image":{"texture":""}}],"layer":100,"size":["100%-2px","100%-2px"]},"selected_slot@CyIafLecternUI.image":{"layer":200,"size":["100%+6px","100%+6px"],"texture":"textures/ui/pocket_ui_highlight_selected_slot","bindings":[{"binding_condition":"always","binding_name":"#selected_slot.visible","binding_name_override":"#visible","binding_type":"collection","binding_collection_name":"$grid_collection_name"}]},"item_count":{"layer":200,"anchor_from":"bottom_right","anchor_to":"bottom_right","bindings":[{"binding_condition":"always_when_visible","binding_name":"#CyIafDragonPanelUI.item_count.text","binding_type":"collection","binding_collection_name":"$grid_collection_name"}],"shadow":true,"font_size":"normal","font_type":"smooth","text":"#CyIafDragonPanelUI.item_count.text","size":["default","default"],"offset":[1.5,2],"type":"label"}}