{"namespace":"CyIafDragonForgeUI","cy_iaf_dragon_forge_screen@common.inventory_screen_common":{"absorbs_input":true,"always_accepts_input":false,"close_on_player_hurt":true,"force_render_below":false,"is_showing_menu":true,"render_game_behind":true,"render_only_when_topmost":true,"should_steal_mouse":true,"button_mappings":[{"from_button_id":"button.menu_cancel","mapping_type":"global","to_button_id":"%CyIafDragonForgeUI.cancel"},{"from_button_id":"button.menu_select","mapping_type":"global","to_button_id":"%CyIafDragonForgeUI.cancel"}],"controls":[{"main_panel@CyIafDragonForgeUI.main_panel":{}}]},"main_panel":{"size":[176,"100%c"],"type":"panel","controls":[{"panel_button@CyIafDragonForgeUI.panel_button":{}}]},"panel_button@common.button":{"$pressed_button_name":"button.menu_ok","bindings":[],"sound_volume":0.0,"controls":[{"default@CyIafLecternUI.image":{"size":[0,0],"texture":""}},{"hover@CyIafLecternUI.image":{"size":[0,0],"texture":""}},{"pressed@CyIafLecternUI.image":{"size":[0,0],"texture":""}},{"main_bg@CyIafDragonForgeUI.main_bg":{}}],"layer":100,"size":["100%","100%c"]},"main_bg@CyIafLecternUI.image":{"size":["100%","100%c+14px"],"texture":"textures/ui/cy_iaf/gui_bg","controls":[{"stack_panel@CyIafDragonForgeUI.stack_panel":{}}]},"stack_panel":{"size":["100%-14px","100%c"],"type":"stack_panel","orientation":"vertical","controls":[{"title_text@CyIafDragonForgeUI.title_text":{}},{"padding1@CyIafDragonForgeUI.padding":{}},{"io_panel@CyIafDragonForgeUI.io_panel":{}},{"padding2@CyIafDragonForgeUI.padding":{}},{"inventory_text@CyIafDragonForgeUI.inventory_text":{}},{"padding3@CyIafDragonForgeUI.padding":{}},{"inventory_panel@CyIafDragonForgeUI.inventory_panel":{}}]},"title_text":{"text":"#title_text.text","size":["100%","default"],"localize":true,"text_alignment":"center","type":"label","bindings":[{"binding_condition":"always","binding_name":"#title_text.text"}]},"io_panel":{"size":["100%","100%c"],"type":"panel","controls":[{"stack_panel":{"size":["100%c","100%cm"],"type":"stack_panel","orientation":"horizontal","controls":[{"forge_progress_panel@CyIafDragonForgeUI.forge_progress_panel":{}},{"result_panel@CyIafDragonForgeUI.result_panel":{}}]}}]},"forge_progress_panel":{"$clip_direction":"left","$clip_ratio":0.1,"$progress_bar_none_texture":"textures/ui/cy_iaf/dragon_forge/fire_dragon_none","$progress_bar_active_texture":"textures/ui/cy_iaf/dragon_forge/fire_dragon_active","size":[126,38],"type":"panel","controls":[{"none_progress_bar@CyIafDragonForgeUI.none_progress_bar":{}},{"active_progress_bar@CyIafDragonForgeUI.active_progress_bar":{}}]},"none_progress_bar@CyIafLecternUI.image":{"controls":[{"input_items@CyIafDragonPanelUI.inventory_grid":{"$pressed_button_name":"%CyIafDragonForgeUI.inventory_item_button_callback","$grid_collection_name":"input_items","$grid_dimensions":[2,1],"layer":100,"anchor_from":"left_middle","anchor_to":"left_middle","offset":[55,0]}}],"bindings":[{"binding_condition":"always","binding_name":"#none_progress_bar.texture","binding_name_override":"#texture"}]},"active_progress_bar@CyIafLecternUI.image":{"clip_direction":"$clip_direction","bindings":[{"binding_condition":"always","binding_name":"#active_progress_bar.clip_ratio","binding_name_override":"#clip_ratio"},{"binding_condition":"always","binding_name":"#active_progress_bar.texture","binding_name_override":"#texture"}]},"result_panel":{"size":[36,38],"type":"panel","controls":[{"result_slot_panel@CyIafDragonForgeUI.slot_panel":{"$pressed_button_name":"%CyIafDragonForgeUI.inventory_item_button_callback","$grid_collection_name":"result_items"}}]},"inventory_text":{"text":"§0物品栏","type":"label"},"padding":{"size":[0,2],"type":"panel"},"inventory_panel":{"anchor_from":"bottom_middle","anchor_to":"bottom_middle","offset":[0,-7],"size":["100%","100%c+4px"],"type":"panel","controls":[{"inventory_items@CyIafDragonPanelUI.inventory_grid":{"$pressed_button_name":"%CyIafDragonForgeUI.inventory_item_button_callback","$grid_collection_name":"inventory_items","$grid_dimensions":[9,3],"anchor_from":"top_middle","anchor_to":"top_middle"}},{"hotbar_items@CyIafDragonPanelUI.inventory_grid":{"$pressed_button_name":"%CyIafDragonForgeUI.inventory_item_button_callback","$grid_collection_name":"hotbar_items","$grid_dimensions":[9,1],"anchor_from":"bottom_middle","anchor_to":"bottom_middle"}}]},"slot_panel":{"size":[26,26],"type":"panel","controls":[{"grid_slot_bg@CyIafDragonForgeUI.grid_slot_bg":{}}]},"grid_slot_bg@CyIafLecternUI.image":{"size":[26,26],"texture":"textures/ui/cy_iaf/dragon_panel/slot_bg","controls":[{"item_render@CyIafDragonPanelUI.item_render":{"size":[16,16]}},{"item_button@CyIafDragonPanelUI.item_button":{}},{"selected_slot@CyIafDragonPanelUI.selected_slot":{}}]}}