{"namespace":"CyIafDragonEggPanelUI","cy_iaf_dragon_egg_panel_screen@common.inventory_screen_common":{"absorbs_input":true,"always_accepts_input":false,"close_on_player_hurt":true,"force_render_below":false,"is_showing_menu":true,"render_game_behind":true,"render_only_when_topmost":true,"should_steal_mouse":true,"button_mappings":[{"from_button_id":"button.menu_cancel","mapping_type":"global","to_button_id":"%CyIafDragonEggPanelUI.cancel"},{"from_button_id":"button.menu_select","mapping_type":"global","to_button_id":"%CyIafDragonEggPanelUI.cancel"}],"controls":[{"main_panel@CyIafDragonEggPanelUI.main_panel":{}}]},"main_panel":{"size":[176,"100%c"],"type":"panel","controls":[{"main_bg@CyIafDragonEggPanelUI.main_bg":{}}]},"main_bg@CyIafLecternUI.image":{"size":["100%","100%cm+81px"],"texture":"textures/ui/cy_iaf/gui_bg","controls":[{"doll_paper_bg@CyIafDragonEggPanelUI.doll_paper_bg":{}},{"info_bg@CyIafDragonEggPanelUI.info_bg":{}}]},"doll_paper_bg@CyIafLecternUI.image":{"anchor_from":"top_middle","anchor_to":"top_middle","size":["100%-10px",70],"offset":[0,5],"texture":"textures/ui/cy_iaf/gui_bg_1","controls":[{"dragon_egg_paper_doll@CyIafDragonEggPanelUI.dragon_egg_paper_doll":{}}]},"dragon_egg_paper_doll":{"renderer":"netease_paper_doll_renderer","rotation":"auto","offset":[0,"30%"],"size":["100%","100%"],"type":"custom"},"info_bg@CyIafLecternUI.image":{"anchor_from":"top_middle","anchor_to":"top_middle","size":["100%-10px","100%c"],"min_size":["100%-10px",70],"offset":[0,76],"texture":"textures/ui/cy_iaf/gui_bg_1","controls":[{"info_text@CyIafDragonEggPanelUI.info_text":{}}]},"info_text":{"bindings":[{"binding_condition":"always_when_visible","binding_name":"#CyIafDragonEggPanelUI.info_text.text"}],"text":"#CyIafDragonEggPanelUI.info_text.text","size":["default","default"],"max_size":["100%-2px","default"],"text_alignment":"center","type":"label"}}