{"namespace":"CyIafBestiaryUI","cy_iaf_bestiary_screen@common.inventory_screen_common":{"absorbs_input":true,"always_accepts_input":false,"close_on_player_hurt":true,"force_render_below":false,"is_showing_menu":true,"render_game_behind":true,"render_only_when_topmost":true,"should_steal_mouse":true,"button_mappings":[{"from_button_id":"button.menu_cancel","mapping_type":"global","to_button_id":"%CyIafBestiaryUI.cancel"},{"from_button_id":"button.menu_select","mapping_type":"global","to_button_id":"%CyIafBestiaryUI.cancel"}],"controls":[{"main_panel@CyIafBestiaryUI.main_panel":{}}]},"main_panel":{"size":[300,"100%"],"type":"panel","controls":[{"main_stack_panel@CyIafBestiaryUI.main_stack_panel":{}},{"panel_button@CyIafBestiaryUI.panel_button":{}}]},"main_stack_panel":{"orientation":"vertical","size":["100%","100%"],"type":"stack_panel","controls":[{"bestiary_top_panel@CyIafBestiaryUI.bestiary_top_panel":{}},{"bestiary_content@CyIafBestiaryUI.bestiary_content":{}},{"bestiary_bottom_panel@CyIafBestiaryUI.bestiary_bottom_panel":{}}]},"bestiary_top_panel":{"size":[300,11],"type":"panel","layer":3000,"controls":[{"bestiary_top@CyIafBestiaryUI.bestiary_top":{}}]},"bestiary_bottom_panel":{"size":[300,11],"type":"panel","layer":3000,"controls":[{"bestiary_bottom@CyIafBestiaryUI.bestiary_bottom":{}}]},"bestiary_top@CyIafBestiaryUI.image":{"anchor_from":"top_middle","anchor_to":"top_middle","size":[300,32],"texture":"textures/ui/cy_iaf/bestiary/bestiary_top"},"bestiary_bottom@CyIafBestiaryUI.image":{"anchor_from":"bottom_middle","anchor_to":"bottom_middle","size":[300,32],"texture":"textures/ui/cy_iaf/bestiary/bestiary_bottom"},"bestiary_content":{"type":"panel","size":["100%","fill"],"controls":[{"bestiary_content_scroll_view@CyIafBestiaryUI.bestiary_content_scroll_view":{}}]},"scroll_background_image@CyIafBestiaryUI.image":{"texture":"textures/ui/ScrollRail"},"bestiary_content_scroll_view@common.scrolling_panel":{"$scroll_background_image_control":"CyIafBestiaryUI.scroll_background_image","$scroll_bar_left_padding_size":[0,0],"$scroll_bar_right_padding_size":[0,0],"$scroll_box_mouse_image_control":"CyIafBestiaryUI.image","$scroll_box_touch_image_control":"CyIafBestiaryUI.image","$scroll_size":[0,0],"$scroll_track_image_control":"CyIafBestiaryUI.image","$scrolling_content":"CyIafBestiaryUI.bestiary_content_panel","$show_background":false,"anchor_from":"top_left","anchor_to":"top_left","size":["100%","100%"],"type":"scroll_view"},"bestiary_content_panel":{"size":["100%","100%c-200px"],"type":"panel","controls":[{"bestiary_content_bg@CyIafBestiaryUI.bestiary_content_bg":{}}]},"bestiary_content_bg@CyIafBestiaryUI.image":{"tiled":"y","texture":"textures/ui/cy_iaf/bestiary/bestiary_bg","size":["100%","100%c+200px"],"min_size":["100%",1000],"controls":[{"bestiary_content_root_panel@CyIafBestiaryUI.bestiary_content_root_panel":{}}]},"bestiary_content_root_panel":{"anchor_from":"top_middle","anchor_to":"top_middle","size":["100%-78px","100%c"],"offset":[0,120],"type":"panel","controls":[{"note_stack_panel@CyIafBestiaryUI.note_stack_panel":{}},{"catalog_stack_panel@CyIafBestiaryUI.catalog_stack_panel":{}}]},"note_stack_panel":{"bindings":[{"binding_condition":"always","binding_name":"#note_stack_panel.visible","binding_name_override":"#visible"}],"orientation":"vertical","size":["100%","100%c+30px"],"type":"stack_panel","controls":[{"note_back_button@CyIafBestiaryUI.note_back_button":{}},{"note_content_grid@CyIafBestiaryUI.note_content_grid":{}}]},"note_back_button@common.button":{"$pressed_button_name":"%CyIafBestiaryUI.note_back_button_callback","bindings":[],"controls":[{"default@CyIafLecternUI.image":{"texture":"textures/ui/cy_iaf/bestiary/button_default"}},{"hover@CyIafLecternUI.image":{"texture":"textures/ui/cy_iaf/bestiary/button_hover"}},{"pressed@CyIafLecternUI.image":{"texture":"textures/ui/cy_iaf/bestiary/button_pressed"}},{"title@CyIafBestiaryUI.title":{}}],"layer":200,"size":["100%",30]},"note_content_grid":{"bindings":[{"binding_condition":"always_when_visible","binding_name":"#note_content_grid.maximum_grid_items","binding_name_override":"#maximum_grid_items"}],"collection_name":"note_content_grid","grid_item_template":"CyIafBestiaryUI.note_content_panel","grid_rescaling_type":"horizontal","size":["100%","default"],"type":"grid"},"note_content_panel":{"size":["100%","100%c+15px"],"type":"panel","controls":[{"sub_note_text@CyIafBestiaryUI.sub_note_text":{}},{"sub_note_image@CyIafBestiaryUI.sub_note_image":{}}]},"sub_note_text":{"bindings":[{"binding_condition":"always","binding_name":"#sub_note_text.visible","binding_name_override":"#visible","binding_type":"collection","binding_collection_name":"note_content_grid"},{"binding_condition":"always","binding_name":"#sub_note_text.text","binding_type":"collection","binding_collection_name":"note_content_grid"}],"anchor_from":"left_middle","anchor_to":"left_middle","color":[0.5450980392156863,0.3215686274509804,0.1490196078431373,1],"text":"#sub_note_text.text","layer":300,"size":["default","default"],"max_size":["100%","default"],"type":"label"},"sub_note_image":{"type":"image","bindings":[{"binding_condition":"always","binding_name":"#sub_note_image.visible","binding_name_override":"#visible","binding_type":"collection","binding_collection_name":"note_content_grid"},{"binding_condition":"always","binding_name":"#sub_note_image.texture","binding_type":"collection","binding_name_override":"#texture","binding_collection_name":"note_content_grid"}],"size":["100%",40]},"catalog_stack_panel":{"bindings":[{"binding_condition":"always","binding_name":"#catalog_stack_panel.visible","binding_name_override":"#visible"}],"orientation":"vertical","size":["100%","100%c"],"type":"stack_panel","controls":[{"title@CyIafBestiaryUI.title":{}},{"catalog_grid@CyIafBestiaryUI.catalog_grid":{}}]},"title":{"bindings":[{"binding_condition":"always","binding_name":"#root_panel_title.text"}],"color":[0.5450980392156863,0.3215686274509804,0.1490196078431373,1],"font_scale_factor":2.0,"text":"#root_panel_title.text","layer":300,"type":"label"},"catalog_grid":{"bindings":[{"binding_condition":"always_when_visible","binding_name":"#catalog_grid.maximum_grid_items","binding_name_override":"#maximum_grid_items"}],"collection_name":"catalog_grid","grid_item_template":"CyIafBestiaryUI.catalog_button_panel","grid_rescaling_type":"horizontal","size":["100%","default"],"type":"grid"},"catalog_button_panel":{"size":["50%",40],"type":"panel","controls":[{"catalog_button@CyIafBestiaryUI.catalog_button":{}}]},"catalog_button@common.button":{"$pressed_button_name":"%CyIafBestiaryUI.catalog_button_callback","bindings":[{"binding_collection_name":"catalog_grid","binding_condition":"always_when_visible","binding_type":"collection_details"}],"controls":[{"default@CyIafLecternUI.image":{"texture":"textures/ui/cy_iaf/bestiary/button_default"}},{"hover@CyIafLecternUI.image":{"texture":"textures/ui/cy_iaf/bestiary/button_hover"}},{"pressed@CyIafLecternUI.image":{"texture":"textures/ui/cy_iaf/bestiary/button_pressed"}},{"text":{"bindings":[{"binding_condition":"always","binding_name":"#catalog_button.text","binding_type":"collection","binding_collection_name":"catalog_grid"}],"color":[0.5450980392156863,0.3215686274509804,0.1490196078431373,1],"font_scale_factor":1.5,"text":"#catalog_button.text","layer":300,"type":"label"}}],"layer":200,"size":["90%",30]},"image":{"type":"image"},"panel_button@common.button":{"$pressed_button_name":"button.menu_ok","bindings":[],"sound_volume":0.0,"controls":[{"default@CyIafLecternUI.image":{"texture":""}},{"hover@CyIafLecternUI.image":{"texture":""}},{"pressed@CyIafLecternUI.image":{"texture":""}}],"layer":100,"size":["100%","100%"]}}