{"namespace":"CyIafLecternUI","cy_iaf_lectern_screen@common.inventory_screen_common":{"absorbs_input":true,"always_accepts_input":false,"button_mappings":[{"from_button_id":"button.menu_cancel","mapping_type":"global","to_button_id":"%CyIafLecternUI.cancel"},{"from_button_id":"button.menu_select","mapping_type":"global","to_button_id":"%CyIafLecternUI.cancel"}],"close_on_player_hurt":true,"controls":[{"tip_panel@CyIafLecternUI.tip_panel":{}},{"main_panel@CyIafLecternUI.main_panel":{}}],"force_render_below":false,"is_showing_menu":true,"render_game_behind":true,"render_only_when_topmost":true,"should_steal_mouse":true},"main_panel":{"size":[176,84],"type":"panel","controls":[{"main_bg@CyIafLecternUI.main_bg":{}},{"panel_button@CyIafLecternUI.panel_button":{}}]},"tip_panel":{"anchor_from":"bottom_middle","anchor_to":"bottom_middle","controls":[{"image":{"size":["100%c+12px","100%c+5px"],"texture":"textures/ui/hud_tip_text_background","propagate_alpha":true,"bindings":[{"binding_condition":"always_when_visible","binding_name":"#tip_panel.alpha","binding_name_override":"#alpha"}],"controls":[{"text":{"bindings":[{"binding_condition":"always_when_visible","binding_name":"#tip_panel.text"}],"shadow":true,"text":"#tip_panel.text","type":"label"}}],"type":"image"}}],"offset":[0,"-100%y-10px"],"size":["100%c","100%c"],"type":"panel"},"main_bg@CyIafLecternUI.image":{"texture":"textures/ui/cy_iaf/gui_bg","controls":[{"info_panel@CyIafLecternUI.info_panel":{}},{"notes_panel@CyIafLecternUI.notes_panel":{}}]},"panel_button@common.button":{"$pressed_button_name":"button.menu_ok","bindings":[],"sound_volume":0.0,"controls":[{"default@CyIafLecternUI.image":{"texture":""}},{"hover@CyIafLecternUI.image":{"texture":""}},{"pressed@CyIafLecternUI.image":{"texture":""}}],"layer":100,"size":["100%","100%"]},"image":{"type":"image"},"info_panel":{"anchor_from":"left_middle","anchor_to":"left_middle","size":[55,"100%-6px"],"offset":[3,0],"type":"panel","controls":[{"title@CyIafLecternUI.title":{}},{"bestiary_item@CyIafLecternUI.bestiary_item":{}},{"manuscript_panel@CyIafLecternUI.manuscript_panel":{}}]},"title":{"anchor_from":"top_middle","anchor_to":"top_middle","text":"§8手稿誊写台","layer":20,"type":"label"},"bestiary_item":{"anchor_from":"top_middle","anchor_to":"top_middle","type":"custom","renderer":"inventory_item_renderer","size":[18,18],"offset":[0,15],"layer":20,"bindings":[{"binding_condition":"always_when_visible","binding_name":"#bestiary_item.id","binding_name_override":"#item_id_aux"}]},"manuscript_panel":{"anchor_from":"top_middle","anchor_to":"top_middle","size":["100%c+2px",16],"offset":[0,45],"type":"panel","controls":[{"manuscript_item@CyIafLecternUI.manuscript_item":{}},{"manuscript_count@CyIafLecternUI.manuscript_count":{}}]},"manuscript_item":{"anchor_from":"left_middle","anchor_to":"left_middle","type":"custom","renderer":"inventory_item_renderer","size":[16,16],"offset":[1,0],"layer":20,"bindings":[{"binding_condition":"always_when_visible","binding_name":"#manuscript_item.id","binding_name_override":"#item_id_aux"}]},"manuscript_count":{"anchor_from":"left_middle","anchor_to":"left_middle","bindings":[{"binding_condition":"always","binding_name":"#manuscript_count.text"}],"layer":20,"text":"#manuscript_count.text","offset":[18,0],"type":"label"},"notes_panel":{"anchor_from":"right_middle","anchor_to":"right_middle","size":[111,58],"offset":[-7,0],"type":"panel","controls":[{"notes_panel_bg@CyIafLecternUI.notes_panel_bg":{}}]},"notes_panel_bg@CyIafLecternUI.image":{"texture":"textures/ui/cy_iaf/lectern/notes_panel","controls":[{"notes_grid@CyIafLecternUI.notes_grid":{}}]},"notes_grid":{"maximum_grid_items":3,"collection_name":"notes_grid","grid_item_template":"CyIafLecternUI.note_button_panel","grid_rescaling_type":"horizontal","size":["100%-4px","100%-4px"],"type":"grid"},"note_button_panel":{"size":[107,18],"type":"panel","controls":[{"note_button@CyIafLecternUI.note_button":{}},{"null_button@CyIafLecternUI.null_button":{}}]},"note_button@common.button":{"$pressed_button_name":"%CyIafLecternUI.note_button_callback","bindings":[{"binding_collection_name":"notes_grid","binding_condition":"always_when_visible","binding_type":"collection_details"},{"binding_condition":"always","binding_name":"#note_button.visible","binding_name_override":"#visible","binding_type":"collection","binding_collection_name":"notes_grid"}],"controls":[{"default@CyIafLecternUI.note_button_state":{"$note_button_image":"textures/ui/cy_iaf/lectern/note_button_default","$note_button_text_mode":"#default_note_name.text","$note_button_text_count":"§83"}},{"hover@CyIafLecternUI.note_button_state":{"$note_button_image":"textures/ui/cy_iaf/lectern/note_button_pressed","$note_button_text_mode":"#pressed_note_name.text","$note_button_text_count":"§e3"}},{"pressed@CyIafLecternUI.note_button_state":{"$note_button_image":"textures/ui/cy_iaf/lectern/note_button_pressed","$note_button_text_mode":"#pressed_note_name.text","$note_button_text_count":"§e3"}}],"layer":200,"size":["100%","100%"]},"note_button_state":{"$note_button_image|defualt":"","$note_button_text_mode|defualt":"","$$note_button_text_count|defualt":"","controls":[{"image@CyIafLecternUI.image":{"texture":"$note_button_image"}},{"note_name":{"anchor_from":"left_middle","anchor_to":"left_middle","bindings":[{"binding_condition":"always_when_visible","binding_name":"$note_button_text_mode","binding_type":"collection","binding_collection_name":"notes_grid"}],"offset":[15,0],"text":"$note_button_text_mode","layer":20,"type":"label"}},{"count":{"anchor_from":"right_middle","anchor_to":"right_middle","offset":[-4,0],"text":"$note_button_text_count","layer":20,"type":"label"}}],"type":"panel"},"null_button@CyIafLecternUI.image":{"bindings":[{"binding_condition":"always","binding_name":"#null_button.visible","binding_name_override":"#visible","binding_type":"collection","binding_collection_name":"notes_grid"}],"texture":"textures/ui/cy_iaf/lectern/note_button_null"}}