{
  "namespace": "CyIafDragonRiderUI",
  "main": {
    "absorbs_input": true,
    "always_accepts_input": false,
    "controls": [
      {
        "panel_rider@CyIafDragonRiderUI.panel_rider": {}
      }
    ],
    "force_render_below": false,
    "is_showing_menu": true,
    "render_game_behind": true,
    "render_only_when_topmost": true,
    "should_steal_mouse": false,
    "type": "screen"
  },
  "button_dragon_breath@common.button": {
    "$thumbnail_size": [ 0, 0 ],
    "variables": [
      {
        "requires": "($is_android or $is_ios)",
        "$thumbnail_size": [ "7.0%", "100%x" ]
      }
    ],
    "$pressed_button_name": "button.btnClick",
    "bindings": [],
    "is_handle_button_move_event": true,
    "button_mappings": [],
    "controls": [
      {
        "default@CyIafDragonRiderUI.image": {
          "bindings": [
            {
              "binding_condition": "always_when_visible",
              "binding_name": "#button_dragon_breath.default.texture",
              "binding_name_override": "#texture"
            }
          ]
        }
      },
      {
        "hover@CyIafDragonRiderUI.image": {
          "bindings": [
            {
              "binding_condition": "always_when_visible",
              "binding_name": "#button_dragon_breath.hover.texture",
              "binding_name_override": "#texture"
            }
          ],
          "color": [0.8, 0.8, 0.8]
        }
      },
      {
        "pressed@CyIafDragonRiderUI.image": {
          "bindings": [
            {
              "binding_condition": "always_when_visible",
              "binding_name": "#button_dragon_breath.pressed.texture",
              "binding_name_override": "#texture"
            }
          ]
        }
      }
    ],
    "layer": 50,
    "offset" : [ "33.0%+0.0px", "10.0%+0.0px" ],
    "size" : "$thumbnail_size",
    "visible": false
  },
  "image": {
    "type": "image"
  },
  "panel_rider": {
    "anchor_from": "top_left",
    "anchor_to": "top_left",
    "controls": [
      {
        "button_dragon_breath@CyIafDragonRiderUI.button_dragon_breath": {}
      }
    ],
    "layer": 1,
    "offset" : [ 0, 0 ],
    "size" : [ "default", "default" ],
//    "ignored": false,
    "type": "panel"
  }
}
