{"format_version":"1.12.0","minecraft:geometry":[{"description":{"identifier":"geometry.cy_iaf.dragon_egg","texture_width":64,"texture_height":32,"visible_bounds_width":2,"visible_bounds_height":2.5,"visible_bounds_offset":[0,0.75,0]},"bones":[{"name":"root","pivot":[0,0,0]},{"name":"egg","parent":"root","pivot":[0,3,0],"cubes":[{"origin":[-2.5,4,-2.5],"size":[5,5,5],"uv":[0,0]},{"origin":[-2.5,0,-2.5],"size":[5,5,5],"uv":[22,2]},{"origin":[-3,1,-3],"size":[6,6,6],"uv":[0,12]},{"origin":[-2,6,-2],"size":[4,4,4],"uv":[28,16]}]}]}]}