{"format_version":"1.12.0","minecraft:geometry":[{"description":{"identifier":"geometry.armor_scale_helmet","texture_width":64,"texture_height":64,"visible_bounds_width":3,"visible_bounds_height":3.5,"visible_bounds_offset":[0,1.25,0]},"bones":[{"name":"root","pivot":[0,0,0]},{"name":"head","parent":"root","pivot":[0,24,0],"cubes":[{"origin":[-4,24,-4],"size":[8,8,8],"inflate":0.5,"uv":[0,0]},{"origin":[-4,24,-4],"size":[8,8,8],"inflate":0.75,"uv":[32,0]},{"origin":[3.94897,30.66277,0.89904],"size":[2,3,5],"pivot":[4.94897,32.24743,5.81423],"rotation":[14.38514,19.64625,0.95386],"uv":[48,44]},{"origin":[-5.94897,30.66277,0.89904],"size":[2,3,5],"pivot":[-4.94897,32.24743,5.81423],"rotation":[14.38514,-19.64625,-0.95386],"uv":[48,44],"mirror":true},{"origin":[4.44897,31.6466,5.69771],"size":[1,2,5],"pivot":[4.94897,32.24743,5.81423],"rotation":[6.88514,19.64625,0.95386],"uv":[46,36]},{"origin":[-5.44897,31.6466,5.69771],"size":[1,2,5],"pivot":[-4.94897,32.24743,5.81423],"rotation":[6.88514,-19.64625,-0.95386],"uv":[46,36],"mirror":true},{"origin":[1.2397,31.91639,2.49771],"size":[1,2,5],"pivot":[1.7397,32.91639,4.99771],"rotation":[25.75561,10.92709,-2.87376],"uv":[46,36]},{"origin":[-2.2397,31.91639,2.49771],"size":[1,2,5],"pivot":[-1.7397,32.91639,4.99771],"rotation":[25.75561,-10.92709,2.87376],"uv":[46,36],"mirror":true},{"origin":[4.5647,26.86639,1.39771],"size":[1,2,5],"pivot":[5.0647,27.86639,3.89771],"rotation":[-2.49523,26.53443,13.96782],"uv":[46,36]},{"origin":[-5.5647,26.86639,1.39771],"size":[1,2,5],"pivot":[-5.0647,27.86639,3.89771],"rotation":[-2.49523,-26.53443,-13.96782],"uv":[46,36],"mirror":true},{"origin":[-3.5,30,-8.75],"size":[7,2,5],"uv":[6,44]},{"origin":[-3.5,23.75,-8.75],"size":[7,2,5],"uv":[6,51]},{"origin":[-3.5,25.75,-8.75],"size":[1,1,4],"inflate":0.1,"uv":[7,35]},{"origin":[2.5,25.75,-8.75],"size":[1,1,4],"inflate":0.1,"uv":[7,35],"mirror":true}]}]}]}