{"format_version":"1.12.0","minecraft:geometry":[{"description":{"identifier":"geometry.armor_scale_chestplate","texture_width":64,"texture_height":64,"visible_bounds_width":3,"visible_bounds_height":3.5,"visible_bounds_offset":[0,1.25,0]},"bones":[{"name":"root","pivot":[0,0,0]},{"name":"rightArm","parent":"root","pivot":[-5,22,0],"cubes":[{"origin":[-6.5,23.75,-0.5],"size":[1,3,1],"pivot":[-6,25.25,0],"rotation":[0,0,-12.5],"uv":[0,34]},{"origin":[-7.748,22.44904,-0.5],"size":[1,3,1],"pivot":[-7.248,23.94904,0],"rotation":[0,0,-27.5],"uv":[0,34]},{"origin":[-8,12,-2],"size":[4,12,4],"inflate":0.5,"uv":[40,16]}]},{"name":"leftArm","parent":"root","pivot":[5,22,0],"cubes":[{"origin":[4,12,-2],"size":[4,12,4],"inflate":0.5,"uv":[40,16],"mirror":true},{"origin":[5.5,23.75,-0.5],"size":[1,3,1],"pivot":[6,25.25,0],"rotation":[0,0,12.5],"uv":[0,34],"mirror":true},{"origin":[6.748,22.44904,-0.5],"size":[1,3,1],"pivot":[7.248,23.94904,0],"rotation":[0,0,27.5],"uv":[0,34],"mirror":true}]},{"name":"body","parent":"root","pivot":[0,24,0],"cubes":[{"origin":[-4,12,-2],"size":[8,12,4],"inflate":0.51,"uv":[16,16]},{"origin":[-0.5,21.25,1.75],"size":[1,3,1],"pivot":[0,22.75,2.25],"rotation":[-102.5,0,0],"uv":[0,34],"mirror":true},{"origin":[-0.5,18.25,2.5],"size":[1,3,1],"pivot":[0,19.75,3],"rotation":[-110,0,0],"uv":[0,34],"mirror":true},{"origin":[-0.5,16.25,1.5],"size":[1,3,1],"pivot":[0,17.75,2],"rotation":[-132.5,0,0],"uv":[0,34],"mirror":true}]}]}]}