{"format_version":"1.12.0","minecraft:geometry":[{"description":{"identifier":"geometry.armor_scale_leggings","texture_width":64,"texture_height":64,"visible_bounds_width":3,"visible_bounds_height":3.5,"visible_bounds_offset":[0,1.25,0]},"bones":[{"name":"root","pivot":[0,0,0]},{"name":"rightLeg","parent":"root","pivot":[-2,12,0],"cubes":[{"origin":[-4,0,-2],"size":[4,12,4],"inflate":0.5,"uv":[0,16]},{"origin":[-2.25,4.75,-1.825],"size":[1,3,1],"inflate":0.125,"pivot":[-1.75,6.25,-1.325],"rotation":[-72.5,0,0],"uv":[36,38]},{"origin":[-3.25,6.25,-2.65],"size":[1,3,1],"inflate":0.125,"pivot":[-2.75,7.75,-2.15],"rotation":[-62.5,0,0],"uv":[36,38]},{"origin":[-5,9.5,-1.75],"size":[1,3,1],"inflate":0.125,"pivot":[-4.5,11,-1.25],"rotation":[-22.44031,-16.32555,55.75973],"uv":[36,38]}]},{"name":"leftLeg","parent":"root","pivot":[2,12,0],"cubes":[{"origin":[0,0,-2],"size":[4,12,4],"inflate":0.5,"uv":[0,16],"mirror":true},{"origin":[4,9.5,-1.75],"size":[1,3,1],"inflate":0.125,"pivot":[4.5,11,-1.25],"rotation":[-22.44031,16.32555,-55.75973],"uv":[36,38],"mirror":true},{"origin":[2.25,6.25,-2.65],"size":[1,3,1],"inflate":0.125,"pivot":[2.75,7.75,-2.15],"rotation":[-62.5,0,0],"uv":[36,38],"mirror":true},{"origin":[1.25,4.75,-1.825],"size":[1,3,1],"inflate":0.125,"pivot":[1.75,6.25,-1.325],"rotation":[-72.5,0,0],"uv":[36,38],"mirror":true}]},{"name":"body","parent":"root","pivot":[0,24,0],"cubes":[{"origin":[-4,12,-2],"size":[8,12,4],"inflate":0.49,"uv":[16,16]}]}]}]}